round,C0,C1,C2,C3,C4,C5,C6,C7,C8,C9,C10,C11,C12,C13,C14,C15,C16,C17,C18,C19,mean,std
1,0.0153440115534137,0.0520553583810122,0.0153440115534136,0.0153440115534134,0.1164346554370875,0.015344011553413,0.1211369333164193,0.015344011553409,0.1220006186844682,0.0048454773326574,0.0048454773326574,0.075537950720478,0.0153440115534131,0.0048454773326574,0.1215589534475541,0.0167290040953981,0.0153440115534128,0.1712308503070632,0.0048454773326574,0.0765256854057582,0.049999999999987846,0.051723151342448016
2,0.0047358807560605,0.0149969557275223,0.0402653872915427,0.0149969557275237,0.0979966684940765,0.0149969557275233,0.1176856790261313,0.0149969557275236,0.1327354467876638,0.0047358807560605,0.0047358807560605,0.1084851980290925,0.0149969557275219,0.0047358807560605,0.2257436493720932,0.0149969557275216,0.0726655889818313,0.0149969557275227,0.0047358807560605,0.0757642881443694,0.04999999999998811,0.05836502314534557
3,0.0162689235937489,0.0162689235937473,0.0162689235937474,0.0051375548190791,0.1101895794208017,0.0162689235937488,0.1153178438212328,0.0162689235937475,0.138591100230266,0.0051375548190791,0.0051375548190791,0.1096894994353222,0.0162689235937466,0.0051375548190791,0.1532808350850087,0.0162689235937463,0.1076636422512218,0.0162689235937486,0.0051375548190791,0.1094283369105123,0.049999999999987124,0.05291014004843044
4,0.0144778209001163,0.0144778209001144,0.0614911449662296,0.0045719434421424,0.1032140892786512,0.0144778209001162,0.110656152330797,0.0144778209001145,0.1374039427300989,0.0045719434421424,0.0144778209001002,0.1004561129301954,0.0144778209001143,0.0045719434421424,0.1369747423832502,0.0144778209001137,0.1080966494659375,0.023363022560872,0.0045719434421424,0.0987116232843794,0.04999999999998852,0.04895815055288475
5,0.0149931788330699,0.0149931788330679,0.0717752141254237,0.0047346880525488,0.109569369036745,0.0149931788330698,0.105968213991729,0.0149931788330691,0.1478483201406494,0.0047346880525488,0.0149931788329159,0.1137274525640287,0.0149931788330675,0.0047346880525488,0.1084029614715782,0.0149931788330668,0.1002229287275155,0.0149931788330692,0.0047346880525488,0.1036013570675012,0.04999999999998811,0.04878348115209291
6,0.0156346767568189,0.0156346767568176,0.0156346767568177,0.004937266344259,0.1095208823179435,0.0156346767568188,0.1037898567667626,0.0156346767568169,0.1671903305220128,0.004937266344259,0.0156346767568012,0.119671753347662,0.0156346767568152,0.004937266344259,0.1375770111838996,0.015634676756817,0.1047408280834923,0.0156346767568184,0.004937266344259,0.0970481815896012,0.04999999999998757,0.05322359076384299
7,0.015970064617234,0.0159700646172334,0.0159700646172329,0.0050431783001796,0.1121182301321189,0.0159700646172335,0.1092795411719055,0.0159700646172315,0.1747893640506961,0.0050431783001796,0.015970064617232,0.1260794575044803,0.0159700646172314,0.0050431783001796,0.1342953010575819,0.0159700646172312,0.1033429693351661,0.015970064617234,0.0050431783001796,0.0761918419919858,0.049999999999987346,0.053794601162319884
8,0.0162912982250122,0.0162912982250116,0.04383534772346,0.0051446204921096,0.1142217647471474,0.0162912982250119,0.1133968977265583,0.0162912982250107,0.1438735480086029,0.0162912982249767,0.0162912982250117,0.1286155123027302,0.0162912982250101,0.0051446204921096,0.130293846767601,0.0162912982250093,0.1072453696962501,0.0162912982250121,0.0051446204921096,0.056462167525997,0.049999999999987096,0.04959972006813497
9,0.0187397203202035,0.0187397203202025,0.0187397203202019,0.0059178064169069,0.1368077616607728,0.0187397203202034,0.1256299067937753,0.0187397203202026,0.1472224978010673,0.0187397203202007,0.0187397203202034,0.1404241580404927,0.0900535069794981,0.0059178064169069,0.1171834593098994,0.0187397203201996,0.0375280869614533,0.0187397203202032,0.0059178064169069,0.0187397203202028,0.049999999999985154,0.051361187774975316
10,0.0186781610138597,0.018678161013858,0.1144519762667956,0.0058983666359562,0.1248820424746991,0.0186781610138593,0.072552764012797,0.0186781610138592,0.1239801979095781,0.0186781610138569,0.0186781610138588,0.1248882379964973,0.0478991004396895,0.0058983666359562,0.0911803487660738,0.0186781610138544,0.1143667831009804,0.0186781610138596,0.0058983666359562,0.0186781610138587,0.049999999999985195,0.04574878184775845
11,0.0165030827791957,0.0165030827791946,0.0835971650218443,0.0052114998250096,0.1120273650460286,0.0165030827791953,0.085014987995609,0.0165030827791945,0.1352448831264563,0.0165030827791941,0.016503082779195,0.1201319941848503,0.0856195563886763,0.0052114998250096,0.131073727857222,0.0165030827791933,0.0831280758912695,0.0165030827791956,0.0052114998250096,0.0165030827791953,0.04999999999998692,0.04660632552330281
12,0.0166741876533551,0.0166741876533544,0.0166741876533536,0.0052655329431652,0.0934939726189836,0.0710605700368024,0.0769874357450785,0.0166741876533542,0.1375541985242844,0.0166741876533533,0.0166741876533539,0.1283194973173474,0.0726176882085705,0.0052655329431652,0.1247147530275274,0.0166741876533536,0.0941644643590745,0.016674187653355,0.0052655329431652,0.0518973201057384,0.049999999999986805,0.04460920641778026
13,0.0181650096095336,0.0181650096095324,0.0181650096095321,0.0057363188240638,0.1119108576020237,0.0181650096095333,0.0869260650459949,0.0181650096095329,0.1476343807524399,0.0181650096095329,0.0181650096095325,0.1304658497466818,0.102188330032266,0.0057363188240638,0.1208385899982315,0.0181650096095325,0.101176874254554,0.0181650096095335,0.0057363188240638,0.0181650096095334,0.049999999999985605,0.048773456140340246
14,0.0183105706229894,0.018310570622988,0.0773883488472725,0.0057822854598919,0.1081498711774171,0.018310570622989,0.0768727600036323,0.0183105706229885,0.1471568849240344,0.0183105706229876,0.0183105706229882,0.1253466601103688,0.0979833953793513,0.0183105706229291,0.0377658050164971,0.0183105706229875,0.0968073223075364,0.0183105706229893,0.0057822854598919,0.0561692457069798,0.0499999999999855,0.04335880107796039
15,0.0181535460801788,0.0436202048044068,0.0422634034965783,0.0057326987621623,0.0941366606190774,0.0205140398959705,0.0974369528199801,0.0181535460801782,0.1323599217570081,0.0181535460801784,0.0181535460801779,0.0987804365444784,0.077007721013863,0.0181535460801739,0.106070161138097,0.0181535460801759,0.0950916986810614,0.0181535460801788,0.0057326987621623,0.0541785791436253,0.04999999999998565,0.03954335699383812
16,0.019019457739243,0.01901945773924,0.0870230315259606,0.0060061445492352,0.0965799752230484,0.019019457739243,0.0760570361439847,0.0190194577392423,0.1025053324193355,0.0190194577392431,0.0190194577392423,0.0939624543068218,0.0850949884751511,0.0190194577391913,0.117291239479806,0.0190194577392402,0.1003749868978464,0.0190194577392429,0.0060061445492352,0.0579235467761456,0.04999999999998493,0.03858635189931866
17,0.0187811095135865,0.0187811095135814,0.125540096620443,0.0059308766885016,0.1076395995270653,0.0323929233826084,0.0898709396702154,0.0187811095135855,0.0187811095135853,0.0187811095135849,0.0187811095135841,0.1229827260856882,0.0897847170625692,0.0187811095135844,0.0874852148670399,0.0187811095135809,0.1048039122360639,0.0187811095135866,0.0059308766885016,0.0586081315487465,0.049999999999985126,0.04181870995941322
18,0.0198498610006946,0.1091659293495131,0.1386231122084991,0.0062683771581147,0.0967837034789401,0.0198498610006947,0.1045352931240399,0.0198498610006937,0.1136617110079021,0.0198498610006925,0.0198498610006941,0.129046307369174,0.0351582655983126,0.0198498610006939,0.019849861000694,0.0198498610006911,0.0198498610006935,0.0198498610006946,0.0062683771581147,0.0619903135401386,0.04999999999998428,0.04477603804837109
19,0.0179925139726272,0.085592002539298,0.1310736506822756,0.0056818465176724,0.0832010461923017,0.042685215260979,0.0891693762678736,0.0179925139726264,0.0179925139726262,0.0179925139726239,0.0179925139726261,0.1093591421172687,0.0179925139726262,0.0179925139726255,0.1427719090081159,0.0179925139726237,0.0935833184851988,0.0179925139726275,0.0056818465176724,0.0492680206574262,0.04999999999998576,0.043421463166913546
20,0.0150985837912917,0.1072749294384506,0.114125391086048,0.0047679738288295,0.092144980978696,0.0150985837912921,0.0648955647697186,0.015098583791291,0.1118770153047939,0.0150985837912905,0.0150985837912898,0.1191993457207286,0.0150985837912907,0.015098583791288,0.0796403511610956,0.0746500092603238,0.0685545044860974,0.0150985837912921,0.0047679738288295,0.0373132898058231,0.04999999999998803,0.041131504897510336
21,0.0143813116640577,0.0971148877567925,0.1108477108394696,0.0045414668412819,0.0869890177727047,0.0788057291463419,0.0964863252091433,0.0143813116640573,0.014381311664057,0.0143813116640373,0.0143813116640303,0.1073885759391859,0.0143813116640571,0.0143813116640461,0.1058372864164197,0.0991067448940441,0.0789089833666477,0.0143813116640581,0.0045414668412819,0.014381311664058,0.04999999999998861,0.04212530147104919
22,0.0161022400818292,0.104292574448708,0.1053542801852542,0.0050849179205783,0.0810762958994479,0.0161022400818298,0.056591230458984,0.016102240081829,0.0895266424718485,0.0161022400818272,0.0161022400818219,0.0965101708525921,0.0161022400818286,0.0161022400818261,0.1104257766311453,0.1181350223342329,0.0829980101399241,0.0161022400818297,0.0050849179205783,0.0161022400818296,0.049999999999987235,0.04153630260718626
23,0.0194298739511349,0.1367852076808565,0.126710321621684,0.0061357496687803,0.1074905853450855,0.0194298739511357,0.0693104373363288,0.0194298739511348,0.019429873951135,0.0194298739511339,0.0194298739511351,0.0975639644579102,0.0194298739511341,0.0194298739511329,0.1114164906650238,0.0507285785715726,0.0934241754723226,0.0194298739511357,0.0061357496687803,0.0194298739511355,0.04999999999998461,0.04370822747056534
24,0.0216834501014832,0.0949692838545699,0.1398494231284178,0.0068474052952061,0.1406070557514043,0.0476956729322373,0.0697936400450156,0.0216834501014827,0.0257152905463666,0.021683450101477,0.0216834501014801,0.1002589424856257,0.021683450101482,0.0216834501014811,0.0793169939615976,0.0929478357906738,0.0216834501014825,0.0216834501014838,0.0068474052952061,0.0216834501014834,0.04999999999998283,0.04210839523081177
25,0.0173496161729533,0.1112155041930557,0.1011570274886178,0.0054788261598808,0.0961904674465249,0.0571020908549878,0.0504217951118747,0.0173496161729531,0.0758761106460667,0.0173496161729525,0.0173496161729536,0.0870897975477821,0.0756739885317642,0.0173496161729516,0.1220043200560763,0.0173496161729543,0.0735143164195861,0.0173496161729544,0.0054788261598808,0.0173496161729541,0.049999999999986236,0.03839474684844332
26,0.0177150478959243,0.0798362180039752,0.0899154496604684,0.0055942256513453,0.0978599448342064,0.0920173428708548,0.0649399090692649,0.0177150478959241,0.0382919569689748,0.0177150478959223,0.0177150478959229,0.1092692022541501,0.0843007970409246,0.0177150478959213,0.0916600977931346,0.0422646384171297,0.0744506565124803,0.0177150478959253,0.0055942256513453,0.0177150478959248,0.04999999999998596,0.03551221149430579
27,0.0265899550935534,0.0265899550935541,0.1482529271378928,0.0083968279242813,0.1321895559771851,0.0265899550935551,0.0882222030088664,0.0265899550935528,0.0610361544668127,0.0265899550935539,0.026589955093549,0.1167602696116615,0.1102431935709722,0.0265899550935498,0.0340125343485416,0.0265899550935534,0.0265899550935534,0.026589955093555,0.0083968279242813,0.0265899550935543,0.04999999999997896,0.042322127439809405
28,0.0237626819996458,0.1027654826757455,0.0629677921488678,0.0043623195116365,0.0783850578845139,0.0790052304937231,0.0650694609204039,0.0138140117868467,0.0878070124722287,0.0043623195116365,0.0138140117868432,0.0945682716239971,0.0577248889392493,0.0043623195116365,0.1047750212762201,0.1022318102859492,0.0682319640853067,0.0138140117868466,0.0043623195116365,0.0138140117868475,0.04999999999998904,0.0378285600549387
29,0.0204779199697178,0.0930962467054779,0.1142183208485431,0.0064667115693855,0.1119309785982978,0.065790346271806,0.0842699180150234,0.0204779199697178,0.0431268869187479,0.0204779199697141,0.0064667115693855,0.1088863502851142,0.0790329423425659,0.0204779199697148,0.0753542163420387,0.0204779199697173,0.0615482191758856,0.0204779199697188,0.0064667115693855,0.0204779199697183,0.049999999999983794,0.03752382778701267
30,0.0314962384759654,0.016902756378537,0.0916835375392224,0.0053377125405912,0.0889304239997398,0.0169027563785371,0.0627475935524465,0.016902756378536,0.0360328119271785,0.0169027563785177,0.0169027563785039,0.0658204773828666,0.0784917764285976,0.1296342053856723,0.0896281165512362,0.1326941586758493,0.06384594035007,0.0169027563785369,0.0053377125405912,0.0169027563785367,0.04999999999998661,0.0397583937927057
31,0.0260264565401608,0.1147124273153734,0.0771338133413347,0.0152015395578487,0.0794195782276945,0.1198612560147522,0.0581692081116615,0.0152015395578475,0.0372039704695016,0.0048004861761632,0.0048004861761632,0.0990713367231006,0.0765095279678315,0.0152015395578471,0.0920851235341946,0.0152015395578476,0.0772968982524372,0.0521012471839878,0.0048004861761632,0.0152015395578482,0.04999999999998797,0.038269015497282774
32,0.0180353576662384,0.0180353576662386,0.1100409919702349,0.0056953761051289,0.110497416096471,0.081764672811024,0.1138429544467308,0.0180353576662387,0.1037514146089237,0.0056953761051289,0.0056953761051289,0.0892888880732211,0.0723131272029684,0.0056953761051289,0.0328653442485139,0.1394590287185992,0.0275224929661882,0.0180353576662392,0.0056953761051289,0.0180353576662396,0.04999999999998573,0.04527992112729046
33,0.0165111308154023,0.122667947898509,0.0840558162443026,0.0052140413101278,0.0832548161202157,0.0808199291012988,0.086878369395934,0.0165111308154026,0.0373453820256391,0.0165111308153686,0.0052140413101278,0.1081270331658252,0.0717551141016043,0.0052140413101278,0.1252928664771938,0.0165111308154027,0.0798797753363233,0.0165111308154019,0.0052140413101278,0.0165111308154029,0.0499999999999869,0.04194182984302517
34,0.0191066905057932,0.019106690505794,0.0998757361893493,0.0060336917386724,0.1004499085100418,0.0191066905057941,0.0868096577525906,0.0191066905057932,0.0449735610781564,0.0191066905057866,0.0060336917386724,0.1117507814180333,0.1002686403137019,0.0191066905057882,0.1138267418199908,0.1389106843825649,0.0191066905057929,0.0191066905057938,0.0191066905057941,0.0191066905057938,0.04999999999998489,0.043670410196130556
35,0.0175710035832327,0.1048807816882839,0.1006265955363115,0.0055487379736533,0.0870972718764726,0.1012566390345137,0.0860753881473092,0.0175710035832333,0.0434556452446816,0.017571003583224,0.0055487379736533,0.1019716860559465,0.0799966483992303,0.0175710035832288,0.0451021426352997,0.0175710035832336,0.0864812574545754,0.0409837085067514,0.0055487379736533,0.0175710035832336,0.04999999999998608,0.037548147676852175
36,0.0203415268754666,0.0203415268754679,0.1058491969280951,0.0064236400659378,0.1001156195920365,0.0203415268754679,0.091744901452198,0.0203415268754669,0.043588803481522,0.020341526875432,0.0064236400659378,0.1006377432829106,0.0991192986859186,0.0203415268754667,0.071873001774088,0.125786607179133,0.0203415268754677,0.0792816924222594,0.0064236400659378,0.0203415268754675,0.0499999999999839,0.04012760154571089
37,0.0136529033649421,0.0991174201759745,0.0951349289715688,0.0043114431678772,0.0693131732873175,0.0766591877151473,0.0587896792049671,0.0136529033649427,0.0903889176791689,0.0043114431678772,0.0043114431678772,0.0745188021429371,0.0738452398276159,0.0136529033649338,0.0977895763127421,0.047478624492118,0.0675237114980502,0.0775833525609057,0.0043114431678772,0.0136529033649429,0.04999999999998918,0.03563988591551768
38,0.0148324746002351,0.0667975023969355,0.0833097651267083,0.0046839393474434,0.0836188920811838,0.0699614062760461,0.1116443090681493,0.0148324746002349,0.097266433698319,0.01483247460017,0.0046839393474434,0.0883038293380199,0.0908006630128814,0.0148324746002312,0.0431894127024442,0.0198372465594729,0.065935208604731,0.0809726048386437,0.0148324746002361,0.0148324746002356,0.04999999999998824,0.03590503231091964
39,0.0148761143021584,0.0492286511316765,0.0919757441366047,0.0046977203059455,0.0757917241839799,0.048355185626193,0.0702417862478783,0.0148761143021585,0.0941271083610404,0.0046977203059455,0.0148761143020966,0.0883165313896516,0.0642795034182344,0.0148761143021562,0.1090550052133127,0.113404937305875,0.0148761143021585,0.091873976254594,0.0046977203059455,0.0148761143021589,0.04999999999998821,0.038261986515619406
40,0.0155640724183843,0.1015884989409664,0.0891329467874098,0.0049149702373852,0.0768184831182341,0.0801333998608801,0.0821267649642051,0.0155640724183843,0.0643096983585708,0.0155640724183735,0.0155640724183805,0.0872630621977662,0.0749051691713405,0.0155640724183832,0.0662950820381203,0.015564072418384,0.0804336556009516,0.0782147915578635,0.0049149702373852,0.0155640724183848,0.049999999999987665,0.034219640889356306
41,0.0213618629098307,0.0213618629098313,0.1167432747522073,0.0067458514452107,0.1055206155179206,0.021361862909832,0.0988052424768745,0.0213618629098306,0.0504988022366941,0.0213618629097943,0.0213618629098263,0.1069077638052529,0.0900357561881869,0.0213618629098283,0.0417017345672945,0.1626764784665412,0.0213618629098317,0.0213618629098314,0.0067458514452107,0.0213618629098315,0.049999999999983086,0.04442346284739479
42,0.014985656280412,0.1113370052596707,0.0777328917635311,0.0047323125096045,0.0777057098529081,0.0772661198536657,0.048186428964345,0.0149856562804122,0.0482146884646812,0.0149856562803911,0.0149856562804093,0.0780138836912727,0.0678836519730346,0.0047323125096045,0.1139027941244224,0.014985656280413,0.0791044290902187,0.1165415217507484,0.0047323125096045,0.0149856562804126,0.04999999999998811,0.03873976859120912
43,0.0159035839812475,0.02749574032298,0.0729110880549123,0.0050221844151315,0.0959765990929917,0.0676254761883625,0.0880431373340727,0.0159035839812473,0.1196325071719885,0.0159035839810552,0.0159035839812373,0.1160671651854619,0.0569221404826178,0.0159035839812438,0.1019103738927258,0.1161427315935964,0.0159035839812477,0.0159035839812483,0.0050221844151315,0.0159035839812481,0.04999999999998739,0.04158166528940247
44,0.0196531010818259,0.1378027604687837,0.104696272691647,0.0062062424468932,0.1009638697589328,0.0579833197505078,0.0663008931411984,0.0196531010818259,0.0494818653170136,0.0196531010817942,0.0196531010818214,0.0909327316666492,0.0876080506389842,0.0196531010818258,0.089581830108932,0.0196531010818264,0.0196531010818259,0.0450111129086815,0.0062062424468932,0.0196531010818263,0.049999999999984425,0.038414039650025586
45,0.0158831399382179,0.0158831399382182,0.0724592010350227,0.0050157284015432,0.0813279201860483,0.0900010668897957,0.0772134917604151,0.0158831399382177,0.0988105973638187,0.0050157284015432,0.0158831399382147,0.0816275515051241,0.0630422349573296,0.0158831399382144,0.0253581088226148,0.117310635154579,0.0818502583265717,0.1006529091644982,0.0050157284015432,0.015883139938218,0.04999999999998742,0.0381785316551891
46,0.019375154668544,0.135706582726552,0.1038759627718153,0.0061184698953305,0.0918375603546491,0.019375154668545,0.0742621591432975,0.0193751546685438,0.0530817798796187,0.0193751546685267,0.0193751546685397,0.116076855743442,0.0736601185428402,0.0193751546685418,0.1455104943613998,0.019375154668545,0.0193751546685438,0.0193751546685434,0.0061184698953305,0.0193751546685444,0.049999999999984654,0.04465140779929265
47,0.0143342394364758,0.0143342394364761,0.0944264219075902,0.0045266019273087,0.0625795562441683,0.0797834497132388,0.0660079757446308,0.0143342394364757,0.1154012442835432,0.0143342394364419,0.0045266019273087,0.1118803115610816,0.0672903080215362,0.0143342394364653,0.0143342394364754,0.1056703882223383,0.0732636012757807,0.1097772611886527,0.0045266019273087,0.0143342394364758,0.04999999999998865,0.04123241151357976
48,0.0178860838899545,0.1051636124919936,0.0919146298208186,0.0056482370178812,0.0703171139740889,0.0718154551735398,0.0817013877311448,0.0178860838899549,0.0394268053231168,0.0178860838899499,0.0178860838895909,0.099766988817354,0.0687985683865424,0.01788608388995,0.1371276418454625,0.0178860838899548,0.0795826512806291,0.0178860838899538,0.0056482370178812,0.0178860838899548,0.049999999999985834,0.038914274484389756
49,0.0225929922641498,0.0225929922641501,0.1100482740955313,0.0071346291360482,0.0952522002706504,0.0225929922641506,0.1078678371709255,0.0225929922641495,0.1107135330521589,0.0225929922641458,0.0225929922641448,0.1084694541474237,0.0851477273706138,0.0225929922641497,0.0225929922641491,0.1197088007146037,0.0225929922641501,0.0225929922641494,0.0071346291360482,0.0225929922641497,0.04999999999998212,0.04131537127532542
50,0.0138748107025486,0.0981281708180974,0.0818632641722235,0.0043815191692266,0.0895330801537478,0.0805208384949618,0.0629201877837786,0.0138748107025484,0.0917404065011235,0.0043815191692266,0.0138748107025471,0.0689296403627579,0.0497495973388675,0.0138748107025471,0.1154917409141461,0.0138748107025487,0.0686970633695045,0.0865392968342803,0.0138748107025495,0.013874810702549,0.04999999999998904,0.03698967858111982
51,0.0157503060949873,0.1105676753119934,0.0804045596735636,0.004973780872102,0.0714533045646129,0.0157503060949881,0.0623819298012915,0.015750306094987,0.1144144427001081,0.004973780872102,0.0157503060949616,0.1136404443381418,0.0840851546783985,0.004973780872102,0.0534341499814206,0.1223140738525918,0.0157503060949871,0.0729073050393214,0.004973780872102,0.0157503060949876,0.04999999999998751,0.04211954147193203
52,0.0166525096681301,0.0968772735978786,0.1020946712344035,0.0052586872636209,0.0749034829568978,0.0931791395404554,0.0985039045085278,0.0166525096681305,0.0417098984708306,0.0052586872636209,0.0052586872636209,0.085011828774473,0.0536328028065589,0.0052586872636209,0.0981823058853397,0.0166525096681309,0.0886814848472709,0.0743197323864733,0.0052586872636209,0.0166525096681307,0.04999999999998681,0.038679918613220295
53,0.0181936708858752,0.0181936708858651,0.0876032597981016,0.0057453697534352,0.0870858414388335,0.0859064981872126,0.0800519364746505,0.0181936708858751,0.1029816597796744,0.0181936708858682,0.0057453697534352,0.0901924584853696,0.0649927090009106,0.0181936708858631,0.0798389784232649,0.0809379797931534,0.0833685720246955,0.0181936708858761,0.0181936708858765,0.0181936708858755,0.0499999999999856,0.03507142825160605
54,0.0163603325919938,0.0508490899648811,0.1291605204631199,0.0051664208185252,0.0768917363630163,0.0821602590939749,0.0676531497385597,0.0163603325919939,0.0463429273178005,0.0051664208185252,0.016360332591977,0.0865512951734201,0.052683790152845,0.0163603325919842,0.0861792639492083,0.0755146754432461,0.0163603325919945,0.1211581225586871,0.0163603325919941,0.0163603325919941,0.04999999999998704,0.03785344826086224
55,0.0125750262754494,0.0881029752477898,0.0992765232272394,0.0039710609290898,0.0528467440000156,0.0664628434940521,0.0881426377467983,0.0125750262754494,0.0989258419719217,0.0125750262754352,0.0039710609290898,0.0717519936824654,0.0402139669267856,0.0039710609290898,0.1030171676804814,0.0558983179966048,0.0664000635585028,0.0941726103026419,0.0125750262754489,0.0125750262754495,0.04999999999999003,0.036743421811221026
56,0.019940576158937,0.0199405761589374,0.1574256012547777,0.0062970240501916,0.0980882617926404,0.0999494468048258,0.0665521481085286,0.0199405761589372,0.1072333398635566,0.0062970240501916,0.0062970240501916,0.0979189122726476,0.0635113601006986,0.019940576158934,0.0199405761589364,0.019940576158937,0.0199405761589378,0.1109646722210015,0.0199405761589382,0.0199405761589374,0.049999999999984196,0.04469606134881317
57,0.0127142522524131,0.0431158009516815,0.1003756756769522,0.0040150270270783,0.0517488555997684,0.0611235548347224,0.1003756756769361,0.0127142522524131,0.0745268780449776,0.0127142522523827,0.0040150270270783,0.0787857335715263,0.0454372356715638,0.0127142522523654,0.1034376052487329,0.0864953598682665,0.067539548763503,0.1027225085226123,0.0127142522524111,0.0127142522524132,0.049999999999989914,0.03643212291249969
58,0.0215796081564468,0.0938731232066316,0.170365327550907,0.0068146131020368,0.0792886798369025,0.0393884545066373,0.071859662359204,0.021579608156447,0.0610057779154986,0.0215796081562866,0.0068146131020368,0.1122103056155267,0.0761551200662805,0.0215796081564454,0.0524361451189131,0.0215796081564476,0.0215796081564467,0.0571513123676684,0.0215796081564479,0.0215796081564472,0.04999999999998292,0.04048768938340515
59,0.0137844550516602,0.058711500241636,0.1088246451446924,0.004352985805788,0.0582032712493163,0.0727142231239205,0.0595838703999333,0.0137844550516603,0.0688424497048807,0.0137844550516068,0.004352985805788,0.0636538819964196,0.0402903465025516,0.0137844550516511,0.0962449791196631,0.1076356001880315,0.0733832796149966,0.1004992507922655,0.013784455051659,0.0137844550516604,0.04999999999998904,0.03566592185517114
60,0.0195676418211496,0.1038738393009295,0.1544813827985596,0.0061792553119428,0.0574845847226724,0.0869581041353628,0.1007431472389587,0.0195676418211496,0.1115017614560035,0.0195676418211235,0.0061792553119428,0.1011283889697426,0.0301554644743117,0.0195676418211492,0.0195676418211494,0.0195676418211497,0.065206039888944,0.0195676418211492,0.0195676418211492,0.0195676418211503,0.049999999999984515,0.0430190751778326
61,0.0171490421474532,0.0171490421474543,0.135387174848327,0.0054154869939335,0.0659026505944676,0.0766134951236086,0.0601798872677083,0.0171490421474537,0.037122928915938,0.0171490421474282,0.0054154869939335,0.075782520577232,0.0171490421474528,0.017149042147453,0.1331832451919281,0.1267693865513463,0.0171490421474535,0.1238863576142512,0.0171490421474514,0.0171490421474541,0.049999999999986416,0.0453578773748745
62,0.0185654684682867,0.1242696372010853,0.1465694879075352,0.0058627795163018,0.046277993850275,0.0185654684682875,0.0764874652718441,0.0185654684682872,0.1449587438391321,0.0185654684682625,0.0058627795163018,0.0913025507622221,0.0185654684682864,0.0185654684682752,0.0818545526752267,0.0185654684682874,0.0908993247769486,0.0185654684682864,0.0185654684682867,0.0185654684682873,0.0499999999999853,0.046230456068250714
63,0.0171094305564185,0.0171094305564194,0.1350744517612102,0.0054029780704488,0.0762211427819852,0.0978631012037901,0.0860356741570179,0.0171094305564192,0.0318803375341309,0.0171094305564055,0.0054029780704488,0.0749031114327916,0.0171094305564184,0.0171094305564046,0.112945776337597,0.1259310225383006,0.0339604823944541,0.0775034992662333,0.0171094305564155,0.0171094305564193,0.04999999999998645,0.04233004181600039
64,0.0193021562940817,0.1368303218586541,0.1523854444269682,0.0060954177770792,0.0858043368805915,0.0193021562940823,0.0782135460096968,0.0193021562940821,0.1393101155224024,0.0193021562940208,0.0060954177770792,0.0945097316719321,0.0193021562940814,0.0193021562940756,0.0193021562940812,0.0193021562940823,0.0884319488404585,0.0193021562940813,0.0193021562940816,0.0193021562940819,0.0499999999999847,0.04783086072441028
65,0.0198437335167789,0.0198437335167804,0.1566610540798488,0.0062664421631944,0.0705665854951901,0.0985868936742686,0.074615127202386,0.0198437335167799,0.0326772939746308,0.0198437335167748,0.0062664421631944,0.093003905282259,0.0198437335167794,0.0198437335167755,0.1359944106062632,0.1251151826234225,0.0216530610840271,0.019843733516779,0.0198437335167729,0.01984373351678,0.049999999999984286,0.04624191698664513
66,0.0173518902395494,0.1169132048810828,0.1369886071543439,0.0054795442861741,0.0547645176348808,0.0173518902395498,0.0695328065265453,0.0173518902395496,0.1109779685521521,0.0173518902395289,0.0054795442861741,0.0744475744184592,0.0173518902395492,0.0173518902395402,0.0718868665808162,0.0173518902395495,0.0873741302414465,0.1099882232817348,0.0173518902395492,0.0173518902395496,0.049999999999986264,0.042306207304448826
67,0.0206823834975123,0.0206823834975131,0.1632819749803716,0.0065312789992153,0.0921555424574863,0.1198255251124824,0.1114311341867258,0.020682383497513,0.0449776506221772,0.0206823834975043,0.0065312789992153,0.1064287289036842,0.0206823834975124,0.0065312789992153,0.1354817717639832,0.0206823834975116,0.0206823834975131,0.0206823834975125,0.0206823834975107,0.0206823834975128,0.04999999999998363,0.04901002859268193
68,0.0160556183777542,0.1073089675295358,0.1267548819296486,0.0050701952771863,0.0452786164496031,0.0160556183777551,0.0604357097844021,0.0160556183777548,0.1197591358942282,0.0160556183777435,0.0050701952771863,0.0731370671983796,0.0160556183777543,0.0160556183777485,0.0160556183777544,0.1096909856123204,0.0823251568454361,0.1206685228020449,0.0160556183777546,0.0160556183777549,0.049999999999987284,0.04399876124489658
69,0.0187509288769282,0.0187509288769277,0.1480336490283894,0.005921345961136,0.0789689865010326,0.0880406643340618,0.0985401201767031,0.0187509288769288,0.0455795184689848,0.0187509288769098,0.005921345961136,0.0838230862255625,0.018750928876928,0.005921345961136,0.1513266516903074,0.0187509288769289,0.0406130392584011,0.0973028154174464,0.0187509288769256,0.0187509288769287,0.04999999999998515,0.045634502443039356
70,0.0169810679652948,0.100691818315891,0.1340610628839146,0.0053624425153569,0.0679660246341169,0.0520098072898761,0.0599010853829487,0.0169810679652952,0.1306518582145832,0.0169810679652542,0.0053624425153569,0.0952305993825392,0.0169810679652949,0.0169810679652739,0.0169810679652951,0.1185368814210524,0.0169810679652949,0.0773963657565013,0.0169810679652953,0.0169810679652953,0.049999999999986534,0.04350657298154131
71,0.0159760896064771,0.1048789435639746,0.1261270232090372,0.0050450809283619,0.0360920051632727,0.0894968664891211,0.0732285127268757,0.0159760896064775,0.0401796126531361,0.0159760896064526,0.0050450809283619,0.073423698160402,0.0159760896064768,0.0050450809283619,0.1294412597076536,0.0159760896064777,0.0840261787205997,0.1161380295752724,0.0159760896064769,0.0159760896064774,0.04999999999998734,0.04344783278410097
72,0.0257824325219918,0.0257824325219926,0.2035455199104749,0.0081418207964196,0.0645515867938134,0.0257824325219929,0.1004542950793977,0.0257824325219926,0.1654557556636514,0.0257824325219724,0.0081418207964196,0.1145375781735405,0.0257824325219917,0.02578243252199,0.0257824325219923,0.0257824325219909,0.0257824325219925,0.0257824325219905,0.0257824325219917,0.0257824325219927,0.04999999999997959,0.052420098039196256
73,0.0155645416766377,0.0881622008922226,0.1228779606050414,0.004915118424202,0.0645123615769267,0.088291897290921,0.0564434566997466,0.015564541676638,0.0279676893302785,0.0155645416766049,0.004915118424202,0.0727496278459181,0.0155645416766377,0.0155645416766371,0.143362242406438,0.015564541676637,0.080657729978355,0.120628263112436,0.0155645416766348,0.0155645416766381,0.04999999999998766,0.0434081621634552
74,0.0196173512901096,0.0196173512901096,0.1548738259745582,0.0061949530389828,0.0545051398072519,0.0196173512901104,0.0721362461587853,0.0196173512901103,0.1359010123997298,0.019617351290092,0.0061949530389828,0.0878437285187986,0.0196173512901094,0.0196173512901086,0.019617351290109,0.1463147923433869,0.0196173512901097,0.1202444845280244,0.0196173512901101,0.0196173512901101,0.04999999999998447,0.049255817245741296
75,0.0154695943818337,0.0970344016483296,0.1221283766986957,0.0048851350679482,0.0743317276906324,0.0900674499545719,0.0756041478743881,0.0154695943818344,0.0326031252803989,0.0154695943818071,0.0048851350679482,0.0918383512506177,0.0154695943818337,0.0048851350679482,0.1311173578015941,0.0154695943818344,0.0799604118985965,0.0823720840252754,0.0154695943818325,0.0154695943818342,0.049999999999987735,0.04201127336573826
76,0.0163189291805012,0.016318929180501,0.1288336514250176,0.0051533460570012,0.0597039391265534,0.0671875938216582,0.0646668190788593,0.0163189291805017,0.1199586010820978,0.0163189291804436,0.0051533460570012,0.0713944422845913,0.0163189291805009,0.016318929180497,0.0942649491440206,0.118435117749511,0.035223785564456,0.0994729751650251,0.0163189291805019,0.0163189291805017,0.049999999999987096,0.041579918146785515
77,0.0194611739049402,0.1326047781824915,0.1536408466179577,0.0061456338647188,0.0766772559105797,0.019461173904941,0.0718281747609912,0.0194611739049406,0.0439547132682292,0.0194611739049304,0.0061456338647188,0.113205085406768,0.0194611739049402,0.0194611739049271,0.1310014386308293,0.0194611739049408,0.070184700443028,0.0194611739049397,0.019461173904939,0.0194611739049406,0.0499999999999846,0.04632807627058594
78,0.0164707892444062,0.0164707892444068,0.1300325466663738,0.0052013018666554,0.0769390375830687,0.0711649602090081,0.0730859391179518,0.0164707892444066,0.1195449911038472,0.0052013018666554,0.0052013018666554,0.0740859782763012,0.0164707892444061,0.0164707892444002,0.0164707892444064,0.1265954480306506,0.0450174978692482,0.1361633815880777,0.0164707892444067,0.0164707892444066,0.04999999999998696,0.045748621127985056
79,0.0170448127488054,0.1105549026944194,0.1345643111747899,0.005382572446992,0.0752963709434737,0.0734978672378656,0.0660562788977525,0.0170448127488061,0.0404793728825453,0.0170448127487852,0.005382572446992,0.0909970359968329,0.0170448127488053,0.005382572446992,0.143797255860285,0.0170448127488063,0.0866045977641564,0.0426905999650152,0.017044812748804,0.0170448127488059,0.04999999999998651,0.04347699547499467
80,0.0170792990086989,0.0170792990086989,0.1348365711213145,0.005393462844853,0.0639063230293909,0.0855077084855105,0.0851586728804954,0.0170792990086993,0.1127812496604441,0.0170792990086693,0.005393462844853,0.0841480570170158,0.0170792990086987,0.0170792990085741,0.0170792990086982,0.1189035290558122,0.0170792990086991,0.1331779729732056,0.0170792990086986,0.0170792990086993,0.049999999999986465,0.04554043133481165
81,0.015697348095803,0.080373471862784,0.1239264323352978,0.0049570572934123,0.076882619931475,0.0619130169742361,0.0646981118225532,0.0156973480958039,0.0506328029095826,0.0156973480957773,0.0049570572934123,0.0798174713860224,0.0156973480958035,0.0156973480957321,0.1323101962049886,0.015697348095804,0.0755629452155769,0.118390032004081,0.0156973480958013,0.0156973480958038,0.04999999999998756,0.041191330878417975
82,0.0154799892870857,0.0906818416835816,0.1222104417401601,0.0048884176696067,0.0705374654393276,0.0590656324965706,0.0694844597996818,0.0154799892870863,0.1147950576847368,0.0154799892870294,0.0048884176696067,0.0697398929160127,0.0154799892870857,0.0154799892870718,0.0154799892870852,0.1073425160092259,0.046038082198912,0.1164878603957169,0.0154799892870847,0.0154799892870864,0.049999999999987735,0.04102968176655681
83,0.0163024721329715,0.1041923382054127,0.1287037273655739,0.0051481490946233,0.0645511324399944,0.0717293315534111,0.0788223495931231,0.016302472132972,0.0231036651086137,0.016302472132951,0.0051481490946233,0.077974340116356,0.0163024721329716,0.0163024721329579,0.1312789729471173,0.0163024721329722,0.0685441039043898,0.1103839635127666,0.0163024721329683,0.0163024721329721,0.04999999999998709,0.04234125193861788
84,0.0194957513684879,0.0194957513684888,0.1539138265933365,0.0061565530637339,0.0809136385863937,0.0194957513684889,0.0632956734766493,0.0194957513684888,0.1153797273554905,0.0194957513684749,0.0061565530637339,0.0919147139196498,0.0194957513684881,0.0194957513684839,0.0194957513684882,0.1385555731907313,0.0194957513684886,0.1292604756966181,0.0194957513684876,0.0194957513684887,0.04999999999998457,0.04804491263014571
85,0.0154655100050057,0.1029786895737153,0.122096131618474,0.0048838452647393,0.0668104512136447,0.0878122409326408,0.082874305812832,0.0154655100050061,0.030699901294703,0.0154655100049925,0.0048838452647393,0.0772706420132461,0.0154655100050057,0.0048838452647393,0.1259838937906,0.0154655100050062,0.0760600329755354,0.1045036049451186,0.0154655100050049,0.0154655100050062,0.049999999999987756,0.04230365936963689
86,0.0183547355659416,0.0183547355659423,0.1449058070995492,0.0057962322839824,0.0555151163141569,0.0183547355659424,0.0714610506603856,0.0183547355659424,0.1111282300243999,0.0183547355659304,0.0057962322839824,0.1078806982537694,0.0183547355659418,0.0183547355659396,0.0183547355659417,0.132646698988314,0.0553805263105044,0.1259420521212589,0.0183547355659416,0.0183547355659424,0.04999999999998546,0.04644014272690855
87,0.0155936922883058,0.106524104750815,0.1231080970129487,0.0049243238805183,0.0737453846117738,0.0904999116329444,0.0824484935652328,0.0155936922883063,0.0247422332107777,0.0155936922882773,0.0049243238805183,0.085133927154114,0.0155936922883059,0.0155936922882771,0.1207618918740632,0.0155936922883064,0.0543680473858495,0.1040697227338085,0.0155936922883033,0.0155936922883064,0.049999999999987645,0.04192430803759506
88,0.0228608633877127,0.0228608633877129,0.1804805004293252,0.0072192200171735,0.0798985861381005,0.022860863387714,0.0808949853109529,0.0228608633877136,0.0459331742733346,0.0228608633877094,0.0072192200171735,0.1051649420225623,0.0228608633877134,0.0228608633877115,0.0228608633877127,0.1213097526021376,0.0228608633877134,0.1204101219240373,0.0228608633877138,0.0228608633877136,0.04999999999998192,0.04676441644917127
89,0.0155192050544239,0.1076316837599504,0.122520039903355,0.0049008015961345,0.0696651709965986,0.087698849072045,0.0601097896800491,0.0155192050544243,0.0692858941791944,0.0155192050544097,0.0049008015961345,0.0787498885421535,0.0155192050544237,0.0155192050544228,0.1148962515081648,0.0155192050544244,0.0797173101686951,0.0757698785619016,0.0155192050544242,0.0155192050544244,0.0499999999999877,0.03938731062389795
90,0.0213851400022403,0.021385140002241,0.168803368742042,0.0067532021059715,0.0619898785101436,0.0213851400022412,0.0788738546564152,0.0213851400022406,0.1255651315334668,0.0213851400022208,0.0067532021059715,0.1048870810182425,0.0213851400022405,0.0213851400022385,0.0752785054549878,0.1082553774654059,0.0213851400022407,0.0489889983846296,0.0213851400022401,0.0213851400022412,0.049999999999983065,0.04459639279654158
91,0.0156283804527847,0.1060871813900468,0.1233819509430491,0.0049352780377223,0.0605241000340076,0.0880436335146477,0.068737139588592,0.0156283804527853,0.0282647343510484,0.0156283804527729,0.0049352780377223,0.0821393582997159,0.0156283804527849,0.0156283804527825,0.1231651765468516,0.0156283804527857,0.0792839285719419,0.1054751970621397,0.0156283804527852,0.0156283804527857,0.04999999999998762,0.041681117482624264
92,0.0197804531405918,0.019780453140592,0.1561614721625779,0.0062464588865036,0.0848955891303633,0.0197804531405927,0.071132249050571,0.0197804531405922,0.1431654939054185,0.0197804531405829,0.0062464588865036,0.0898628236174518,0.0197804531405917,0.019780453140591,0.0197804531405925,0.1312514300753134,0.0197804531405924,0.0934530397384799,0.0197804531405919,0.0197804531405927,0.049999999999984335,0.04773233894951055
93,0.0153505937091126,0.09903028338069,0.1211888977035297,0.0048475559081415,0.0745825727226326,0.0859041787276607,0.0787387910876846,0.0153505937091129,0.0153505937091129,0.0153505937091081,0.0048475559081415,0.0740567427881064,0.0153505937091125,0.0153505937091069,0.1233051718608331,0.0153505937091133,0.0778210917555605,0.1175218147747721,0.0153505937091116,0.0153505937091131,0.049999999999987825,0.042637695307903886
94,0.0176398333788375,0.0176398333788381,0.1392618424645166,0.005570473698581,0.0823497548602527,0.0498378016845431,0.075146053751335,0.0176398333788377,0.1245454598911614,0.0176398333788304,0.005570473698581,0.0853620136091768,0.0176398333788378,0.0176398333788323,0.0176398333788371,0.131004899347661,0.017639833378838,0.1249528932055475,0.0176398333788375,0.0176398333788381,0.04999999999998603,0.04639694518745608
95,0.0157750811762197,0.1043452062215222,0.1245401145491132,0.0049816045819648,0.0551618554758316,0.0768388771322536,0.0833169170868683,0.0157750811762202,0.0157750811762194,0.0157750811762127,0.0049816045819648,0.0852762318272041,0.01577508117622,0.0157750811762134,0.1292821165897372,0.0157750811762204,0.0794311183354911,0.109868623031834,0.0157750811762188,0.0157750811762204,0.0499999999999875,0.04297821769202483
96,0.0174554636964524,0.0174554636964519,0.1378062923404227,0.0055122516936173,0.078226048242262,0.0584666983594877,0.0612154205650472,0.017455463696453,0.137187991040782,0.0174554636964434,0.0055122516936173,0.0830266400091116,0.0174554636964527,0.0174554636964509,0.0174554636964519,0.1146088206236877,0.0174554636964529,0.1438829484671735,0.0174554636964525,0.017455463696453,0.04999999999998618,0.04739974988946379
97,0.0155163002598639,0.0991912217694084,0.122497107314725,0.0048998842925893,0.0739489435549585,0.0910435997462154,0.0800749818524333,0.0155163002598643,0.0155163002598645,0.0155163002598597,0.0048998842925893,0.0758018630062927,0.0155163002598642,0.0155163002596492,0.1261527481803408,0.0155163002598647,0.078006188884371,0.1038368747672744,0.0155163002598612,0.0155163002598646,0.049999999999987714,0.042282469223803534
98,0.0177275397761425,0.0177275397761422,0.1399542613906072,0.0055981704556247,0.0679212060418537,0.0630589106225024,0.0632787138384785,0.0177275397761425,0.1232471178087265,0.0177275397761321,0.0055981704556247,0.0803451551191605,0.0177275397761427,0.0177275397761415,0.0706034913081913,0.0794972180527749,0.017727539776143,0.141349726920903,0.0177275397761424,0.0177275397761431,0.04999999999998597,0.04359000994035785
99,0.0164786754631282,0.1105383815057977,0.1300948062878636,0.0052037922515149,0.0763656376312594,0.0611395097174116,0.0765238086296108,0.0164786754631284,0.0219980662551342,0.0164786754631237,0.0052037922515149,0.0793602536306913,0.0164786754631285,0.0164786754631051,0.1232908445149044,0.0164786754631289,0.0823869895362101,0.0960647140828262,0.0164786754631281,0.0164786754631289,0.049999999999986944,0.04170983773428731
100,0.0202068029493931,0.0202068029493935,0.1595273917057457,0.0063810956682302,0.0202068029493925,0.0700589471019672,0.0701015516631708,0.0202068029493935,0.1432603661134278,0.0202068029493856,0.0063810956682302,0.0951523985076708,0.0202068029493933,0.0202068029493934,0.0202068029493934,0.1389445289501629,0.0202068029493935,0.0879177921777554,0.0202068029493934,0.0202068029493939,0.04999999999998399,0.04819595655760247
101,0.0154841615274213,0.0974182976759124,0.1222433804796485,0.0048897352191863,0.0670543184252432,0.0788854588949947,0.1005639947095123,0.0154841615274214,0.0154841615274217,0.0154841615274152,0.0048897352191863,0.0732297397690781,0.0154841615274215,0.0048897352191863,0.126427628934385,0.0154841615274217,0.0764917609339712,0.1191429223000881,0.0154841615274174,0.0154841615274218,0.04999999999998772,0.04395932849605032
102,0.0190232402310764,0.0190232402310764,0.1501834755085074,0.0060073390203407,0.0855769344950131,0.0783605780635008,0.0654500788637334,0.0190232402310767,0.1149298185723287,0.0190232402310656,0.0060073390203407,0.0941310900232171,0.0190232402310767,0.0190232402310665,0.0190232402310758,0.0542100132738847,0.0190232402310769,0.1549109308480888,0.0190232402310751,0.019023240231077,0.04999999999998493,0.046367683425867334
103,0.0165229242306321,0.0964038867717143,0.1304441386628923,0.005217765546516,0.0380342615750931,0.0849104843620192,0.0796951005849767,0.0165229242306323,0.0165229242306316,0.0165229242306278,0.005217765546516,0.0766172020260313,0.0165229242306324,0.005217765546516,0.1308318658847496,0.0594347352590814,0.0795343262443441,0.0927802323748691,0.0165229242306304,0.0165229242306325,0.0499999999999869,0.04169133763302534
104,0.0187701404416812,0.0187701404416815,0.1481853192764399,0.005927412771058,0.0780763873708838,0.0187701404416819,0.0763692772639133,0.0187701404416815,0.0574150747303574,0.018770140441676,0.005927412771058,0.0838420600363622,0.0187701404416815,0.0187701404416775,0.0187701404416808,0.133713312832632,0.0780811213577285,0.1447612171724663,0.01877014044168,0.0187701404416819,0.049999999999985154,0.046226740727611876
105,0.0168112124206227,0.1027749105030863,0.132720098057556,0.0053088039223026,0.023875281274591,0.0868642873005243,0.0834924311767591,0.0168112124206225,0.0946270827646146,0.0168112124206156,0.0053088039223026,0.0870852201499415,0.0168112124206229,0.0053088039223026,0.1362570789986135,0.0168112124206232,0.0168112124206229,0.1018874986421643,0.0168112124206224,0.0168112124206231,0.04999999999998668,0.04532901146334928
106,0.023660440869541,0.0236604408695409,0.1867929542332297,0.0074717181693297,0.1045493384758446,0.0236604408695418,0.0940668041453194,0.0236604408695412,0.0236604408695414,0.0236604408695339,0.0074717181693297,0.1101746952292038,0.0236604408695413,0.0236604408695172,0.0236604408695397,0.0236604408695405,0.0236604408695416,0.1818870402733659,0.0236604408695404,0.0236604408695417,0.04999999999998127,0.05351698870917273
107,0.012620771992379,0.0821842658113179,0.0996376736240523,0.0039855069449623,0.0382623108738374,0.0642197073524726,0.0604279614792594,0.0126207719923791,0.0949523504319541,0.0126207719923694,0.0039855069449623,0.0590821232299334,0.0126207719923793,0.0039855069449623,0.167749746341781,0.0864800691086877,0.0610940793951103,0.0982285595622413,0.0126207719923793,0.0126207719923795,0.04999999999998999,0.04383591665345956
108,0.0211577151423918,0.0211577151423912,0.1670345932294216,0.0066813837291773,0.101602288912106,0.092013665338523,0.1008036676994156,0.0211577151423921,0.0211577151423917,0.0211577151423767,0.0066813837291773,0.1303848468330451,0.0211577151423924,0.0211577151423868,0.0211577151423928,0.0211577151423913,0.0211577151423926,0.1409055888201157,0.0211577151423911,0.0211577151423926,0.04999999999998324,0.049581819460496994
109,0.0136820437805616,0.0894614168170253,0.1080161351097034,0.0043206454043884,0.0486664974038494,0.0613076233700397,0.0520867420789577,0.0136820437805617,0.110037866172013,0.0136820437805575,0.0043206454043884,0.0626974814519142,0.0136820437805619,0.0043206454043884,0.1112188283983801,0.0955443560596937,0.0653469182451622,0.1005619359965128,0.0136820437805613,0.013682043780562,0.04999999999998912,0.03975593439425134
110,0.0219623485491549,0.0219623485491546,0.1733869622301825,0.0069354784892078,0.0625167538146366,0.1095703553466937,0.1014615695164417,0.0219623485491548,0.0219623485491548,0.0219623485491439,0.0069354784892078,0.1097487479477232,0.0219623485491553,0.0219623485489343,0.0219623485491546,0.0219623485491558,0.0219623485491555,0.1658964715759311,0.0219623485491535,0.0219623485491557,0.0499999999999826,0.05085384044750978
111,0.0156898559703105,0.100511727521007,0.1238672839761454,0.0049546913590461,0.0612912186507691,0.0563298433713443,0.0636090210560001,0.0156898559703107,0.0831313036088738,0.0156898559703057,0.0049546913590461,0.073585695547645,0.0156898559703111,0.0156898559701184,0.1239576272586887,0.0177927984398507,0.0748249441720031,0.1013601618873555,0.0156898559703085,0.0156898559703112,0.04999999999998756,0.040046337317595895
112,0.0190040789360049,0.0190040789360045,0.1500322021263626,0.0060012880850549,0.0856703359768789,0.0190040789360056,0.0728779318282491,0.0190040789360043,0.1213109274639101,0.019004078935995,0.0060012880850549,0.0908675637302067,0.0190040789360053,0.0190040789360007,0.0190040789360049,0.1095056027987185,0.0190040789360054,0.1486879916092263,0.019004078936001,0.0190040789360052,0.04999999999998493,0.04810293563703119
113,0.018932646685362,0.1069149935004185,0.1305410253237555,0.0052216410129506,0.0684992579992009,0.0627423016145419,0.0747486158600105,0.0165351965410074,0.0165351965410078,0.0165351965409963,0.0052216410129506,0.0797419305395747,0.0165351965410081,0.0052216410129506,0.1280361829252592,0.0165351965410085,0.0816931075605319,0.1167386391651867,0.0165351965410083,0.0165351965410083,0.04999999999998693,0.04364385384453744
114,0.0198805032033177,0.0198805032033188,0.1569513410788361,0.0062780536431539,0.0538067497159803,0.1153222465932213,0.075747769379332,0.0198805032033178,0.0198805032033171,0.019880503203311,0.0062780536431539,0.1062863922407849,0.0198805032033184,0.0062780536431539,0.0198805032033173,0.1451562665745424,0.0198805032033187,0.1290900414543538,0.0198805032033172,0.0198805032033186,0.049999999999984245,0.0498336224649811
115,0.0148362075174642,0.0893594009982633,0.1171279540852505,0.0046851181634103,0.0587376158262844,0.0742338343334956,0.0763049631492594,0.0148362075174643,0.1150589193799507,0.0148362075174592,0.0046851181634103,0.0757192330421579,0.0148362075174644,0.0046851181634103,0.1188029641388299,0.0148362075174646,0.0700440926336063,0.0968533046542439,0.0046851181634103,0.0148362075174646,0.04999999999998823,0.04199321129878914
116,0.0207396086032307,0.0542953789367974,0.1637337521307836,0.0065493500852318,0.0744519664947477,0.0386207101896142,0.0758880090899605,0.0207396086032316,0.0207396086032313,0.0207396086032185,0.0065493500852318,0.0960652900950694,0.0207396086032316,0.0065493500852318,0.0207396086032315,0.1389475645920787,0.020739608603232,0.1516928007858548,0.0207396086032309,0.0207396086032321,0.0499999999999836,0.04903871428626639
117,0.0154252198486135,0.1010731446303822,0.1217780514364304,0.0048711220574576,0.036182873432568,0.090071552565939,0.0725065411610194,0.0154252198486136,0.0840055178014077,0.0154252198486096,0.0048711220574576,0.077147588036829,0.0154252198486139,0.0048711220574576,0.1259209337714475,0.0154252198486141,0.0747023230062766,0.0940215690447934,0.0154252198486107,0.0154252198486142,0.049999999999987776,0.04168150343542107
118,0.0198997041052739,0.0198997041052749,0.157102927146913,0.0062841170858769,0.0619137269104728,0.1002834540625038,0.0772299608105595,0.0198997041052746,0.0198997041052748,0.0198997041052643,0.0062841170858769,0.0931500767385581,0.0198997041052748,0.0198997041048654,0.0198997041052738,0.1364269122171392,0.0198997041052749,0.1424279627841889,0.0198997041052697,0.0198997041052748,0.04999999999998424,0.04824199507343224
119,0.0145132019704009,0.0925155672428137,0.1145779102926477,0.0045831164117062,0.0607318892488695,0.080205554421457,0.0721940379943817,0.0145132019704012,0.1139580316496292,0.0145132019703973,0.0045831164117062,0.0739761026387802,0.0145132019704015,0.0045831164117062,0.1177826766581745,0.0145132019704017,0.0685777987399087,0.100068753643879,0.0045831164117062,0.0145132019704016,0.049999999999988505,0.042081256974755406
120,0.0191534250777549,0.0945575668174711,0.1512112506138639,0.006048450024555,0.0886642738375191,0.0890852434175392,0.0783315331677035,0.019153425077755,0.0191534250777541,0.0191534250777444,0.006048450024555,0.0888059839124987,0.0191534250777552,0.0191534250777338,0.0191534250777542,0.0302835661502798,0.0682103867633916,0.1263724695705616,0.0191534250777508,0.0191534250777557,0.04999999999998483,0.042743680646078544
121,0.0172813150853295,0.0172813150853295,0.1364314348841884,0.0054572573953679,0.0500913516592668,0.02150250372356,0.0727130437310408,0.0172813150853298,0.1087083185930816,0.0172813150853208,0.0054572573953679,0.0799177873659693,0.0172813150853297,0.0172813150852935,0.1210043760621802,0.1263838695751247,0.0172813150853301,0.1168009638466609,0.0172813150853251,0.0172813150853299,0.04999999999998633,0.04587011022780026
122,0.019196415492684,0.1285720684281081,0.1515506486264644,0.006062025945059,0.0837160344097607,0.1119524432204035,0.0787650499094388,0.0191964154926846,0.0191964154926848,0.0191964154926763,0.006062025945059,0.1083596013509078,0.0191964154926845,0.006062025945059,0.0206393167555577,0.0191964154926847,0.0788706622906349,0.0658167732317772,0.0191964154926822,0.0191964154926848,0.04999999999998481,0.04528935302819686
123,0.0161121904855238,0.0161121904855244,0.1272015038330909,0.005088060153324,0.0472852104447988,0.0706230938310919,0.0661242353731132,0.0161121904855244,0.1227891264360308,0.016112190485515,0.005088060153324,0.0771177972093703,0.016112190485524,0.005088060153324,0.1238651602044876,0.0923324973270509,0.0161121904855245,0.1284996709965546,0.0161121904855232,0.0161121904855244,0.04999999999998723,0.045461518757735776
124,0.0183270020068914,0.1216085898277114,0.1446868579491533,0.0057874743179665,0.0798313661102684,0.0871159284768249,0.0762879858143832,0.0183270020068918,0.0183270020068916,0.0183270020068873,0.0057874743179665,0.1096633626100052,0.0183270020068921,0.0057874743179665,0.018327002006891,0.0183270020068922,0.0883115596197566,0.11018890857569,0.0183270020068875,0.0183270020068922,0.04999999999998547,0.045052747200718085
125,0.0139420717332613,0.0139420717332611,0.1100689873678578,0.0044027594947146,0.051992389782819,0.0734856671788183,0.0773398114014717,0.0139420717332615,0.1157739687882765,0.0139420717332533,0.0044027594947146,0.0648939218961293,0.0139420717332616,0.0044027594947146,0.1120422100210057,0.0937313271548365,0.0503068923570055,0.1395620434346037,0.0139420717332506,0.0139420717332615,0.04999999999998892,0.04392095260680788
126,0.0193890365680615,0.1286378044998858,0.1530713413268094,0.0061228536530728,0.0524831954634639,0.0472076903717144,0.1201700120517512,0.0193890365680616,0.0193890365680617,0.0193890365680508,0.0061228536530728,0.0932377694257198,0.0193890365680617,0.0061228536530728,0.1289523180001395,0.019389036568062,0.0193890365680618,0.0966361617034346,0.0061228536530728,0.0193890365680619,0.049999999999984626,0.04859031224872382
127,0.0157187146613854,0.0157187146613861,0.1240951157477882,0.0049638046299119,0.0668035076998091,0.0893679068059166,0.0510436984316708,0.015718714661386,0.1291612687054129,0.0157187146613742,0.0049638046299119,0.0907898285902606,0.0157187146613859,0.0049638046299119,0.0157187146613856,0.1047734390580452,0.0731579273378477,0.1301661764421902,0.0157187146613848,0.0157187146613862,0.04999999999998756,0.04511271770079611
128,0.0149924038145433,0.1006984090254153,0.1183610827464037,0.0047344433098565,0.0692187324592732,0.0743472336863023,0.1156434607572509,0.0149924038145438,0.0149924038145434,0.0149924038145371,0.0047344433098565,0.0930900659536685,0.014992403814544,0.0047344433098565,0.1180803534558442,0.0149924038145441,0.058370107503928,0.1180479939657699,0.0149924038145371,0.014992403814544,0.04999999999998812,0.044529889065384874
129,0.0152768643656576,0.0152768643656578,0.1206068239394096,0.0048242729575767,0.0732156364714798,0.0726974586322252,0.0954941026396549,0.015276864365658,0.1224224725967815,0.0152768643656512,0.0048242729575767,0.070426649930026,0.0152768643656581,0.0048242729575767,0.0152768643656572,0.1061317718365621,0.07366880976346,0.1286485403922221,0.0152768643656079,0.0152768643656583,0.049999999999987874,0.04440502749125078
130,0.0155929673223006,0.0866512780399687,0.1231023735971174,0.004924094943885,0.0732071832714948,0.0897599939672251,0.1028666293445702,0.0155929673223007,0.0155929673223004,0.0155929673222924,0.004924094943885,0.085275275284711,0.0155929673223009,0.004924094943885,0.1267354250805993,0.0155929673223011,0.0444120670779962,0.1284737509261307,0.0155929673221876,0.015592967322301,0.04999999999998765,0.044994373037224374
131,0.0181539411585365,0.0181539411585369,0.1433205880937189,0.0057328235237492,0.0679325454657916,0.0181539411585372,0.0662359119967678,0.0181539411585369,0.116439133832298,0.0181539411585269,0.0057328235237492,0.0854383205475457,0.018153941158537,0.0181539411585244,0.0181539411585362,0.1243441499230201,0.0721324077628048,0.1311518837449211,0.0181539411585368,0.0181539411585371,0.04999999999998562,0.04562200732937351
132,0.0168771784525459,0.1137455165008616,0.1332408825201091,0.0053296353008047,0.0805114815668092,0.0984229143998411,0.086840522655608,0.0168771784525461,0.0168771784525462,0.0168771784525326,0.0053296353008047,0.1002485686235854,0.0168771784525465,0.0053296353008047,0.1340468701574276,0.0168771784525466,0.0168771784525465,0.096607274751915,0.0053296353008047,0.0168771784525466,0.049999999999986645,0.046981516648536836
133,0.0149458116522251,0.0149458116522256,0.1179932498859958,0.0047197299954402,0.0814300976939128,0.0575036248362109,0.0547043804717585,0.0149458116522255,0.1202705826508145,0.0149458116522127,0.0047197299954402,0.0704809144218734,0.0149458116522254,0.0047197299954402,0.0890177820917752,0.1027711741326419,0.0700407628424336,0.117007559420462,0.0149458116522238,0.0149458116522257,0.049999999999988165,0.04183186705590288
134,0.0179468223208192,0.1177188056462662,0.141685439374901,0.0056674175749964,0.0641974814094352,0.0896894509726607,0.1136226812780671,0.0179468223208196,0.01794682232082,0.0179468223207973,0.0056674175749964,0.1012594331661918,0.0179468223208199,0.0056674175749964,0.0648431915626977,0.0179468223208198,0.01794682232082,0.1284598629771556,0.0179468223208152,0.0179468223208201,0.049999999999985785,0.04634830758048642
135,0.0173595835162305,0.0173595835162313,0.1370493435491983,0.0054819737419683,0.0686917929952319,0.0659697836261475,0.0612022701477661,0.017359583516231,0.1376784477042399,0.0173595835162208,0.0054819737419683,0.0915809512365181,0.0173595835162311,0.0054819737419683,0.0173595835162312,0.0757733841755077,0.0814629738238195,0.1252684633855556,0.0173595835162282,0.0173595835162313,0.049999999999986264,0.044447861482041565
136,0.0154833182005183,0.1011212970564307,0.1222367226356833,0.0048894689054276,0.0948964684503985,0.0896467912915125,0.1073026500102392,0.0154833182005191,0.0154833182005193,0.01548331820051,0.0048894689054276,0.0805621816336098,0.0154833182005192,0.0048894689054276,0.1302038849381658,0.0154833182005182,0.0154833182005194,0.1200117334627804,0.0154833182005088,0.0154833182005192,0.04999999999998772,0.04679665085445251
137,0.0146516918294122,0.0146516918294129,0.1156712512848428,0.004626850051394,0.0643613764459513,0.0707933333308892,0.0545575977673133,0.0146516918294126,0.1180186568185956,0.0146516918294056,0.004626850051394,0.0855273601151191,0.0146516918294126,0.004626850051394,0.0814891021674468,0.1050753474358092,0.0687847860906058,0.1192787955831456,0.0146516918293984,0.0146516918294129,0.049999999999988394,0.0418095643233447
138,0.0240667460620663,0.1298788208274235,0.1900006268058026,0.0076000250722326,0.1119205740053284,0.0240667460620676,0.1259203276511422,0.0240667460620674,0.0240667460620675,0.0240667460620568,0.0076000250722326,0.1187455130640099,0.0240667460620672,0.0076000250722326,0.0240667460620664,0.0240667460620673,0.0240667460620675,0.0359998557464988,0.0240667460620543,0.0240667460620674,0.049999999999980935,0.05161973878454136
139,0.0140050867190133,0.0140050867190136,0.1105664740974842,0.0044226589638996,0.0710528126468842,0.0462499200204567,0.0588049388641707,0.014005086719014,0.1144675015705777,0.0140050867189996,0.0044226589638996,0.0703629009701504,0.014005086719014,0.0044226589638996,0.1161164635278983,0.0932316557656999,0.0654344425930543,0.1424093060186218,0.0140050867190124,0.0140050867190141,0.0499999999999889,0.04421153607208134
140,0.0180317554257973,0.1230761131106285,0.1423559638878821,0.0056942385555158,0.0816469198856672,0.1037893599408304,0.0877943698110903,0.0180317554257977,0.0180317554257982,0.0180317554257847,0.0056942385555158,0.1046310601765246,0.0180317554257979,0.0056942385555158,0.0536295309874662,0.0180317554257982,0.0180317554257984,0.1237081677009211,0.0180317554257862,0.0180317554257982,0.04999999999998572,0.04621164312296631
141,0.0145274090031841,0.0145274090031844,0.1146900710777779,0.0045876028431114,0.0615080267085942,0.0805693319073264,0.0577509937970215,0.0145274090031845,0.1139817702307034,0.0145274090031739,0.0045876028431114,0.0680827105269952,0.0145274090031848,0.0045876028431114,0.1160474828107644,0.098478033219978,0.0680530201743543,0.1053838879946407,0.0145274090031835,0.0145274090031846,0.0499999999999885,0.04173315227901218
142,0.019316284404378,0.1265190612920619,0.1524969821398409,0.006099879285594,0.0804565924305582,0.0193162844043792,0.1340701084306523,0.0193162844043788,0.0193162844043777,0.0193162844043713,0.006099879285594,0.1049311220627098,0.0193162844043792,0.006099879285594,0.0949472964845343,0.0193162844043789,0.0193162844043792,0.0951163552587805,0.0193162844043728,0.019316284404379,0.049999999999984696,0.048283498325379336
143,0.0143560942234115,0.0143560942234125,0.1133375859743118,0.0045335034389728,0.0672304637123702,0.0718917133712424,0.049870379355619,0.0143560942234122,0.1148293245012325,0.0143560942233994,0.0045335034389728,0.0690616367069929,0.0143560942234124,0.0045335034389728,0.1072472495708106,0.1048944227208201,0.0688854561684866,0.1186585980370981,0.0143560942234093,0.0143560942234124,0.04999999999998862,0.042314490267480076
144,0.0192171184578229,0.1173535696881106,0.1517140930880913,0.006068563723524,0.0953234457005385,0.1115147773041098,0.0806513168273303,0.0192171184578237,0.0192171184578239,0.0192171184578071,0.006068563723524,0.1036859350356266,0.0192171184578238,0.006068563723524,0.0192171184578229,0.0192171184578242,0.0192171184578241,0.1293799866071075,0.0192171184578123,0.019217118457824,0.04999999999998477,0.04801519498939474
145,0.014042382170091,0.0140423821700915,0.1108609118691477,0.0044344364747662,0.0664104181119378,0.0611561445027907,0.0738311646207265,0.0140423821700912,0.1117657467671399,0.0140423821700812,0.0044344364747662,0.0741563176877148,0.0140423821700914,0.0044344364747662,0.112715181223349,0.0990181751464835,0.0658146433673952,0.1126713120881663,0.0140423821700898,0.0140423821700915,0.04999999999998887,0.04174766879349132
146,0.0193871802219919,0.1266841490945671,0.1530566859631075,0.0061222674385247,0.0913199207210243,0.0977071043965969,0.1023179304411939,0.0193871802219926,0.0193871802219917,0.0193871802219819,0.0061222674385247,0.09807561518708,0.0193871802219929,0.0061222674385247,0.0290406329748348,0.019387180221992,0.019387180221993,0.1089465369077945,0.019387180221991,0.019387180221993,0.04999999999998467,0.046720943729871275
147,0.0139384229482824,0.0139384229482827,0.1100401811706566,0.0044016072468266,0.0659288825570843,0.0819863168392718,0.0580178403572664,0.0139384229482826,0.1144296771338463,0.0139384229482752,0.0044016072468266,0.0650731483274681,0.0139384229482827,0.0044016072468266,0.1140675535443292,0.0984235443694242,0.0608441340332164,0.120414939288766,0.0139384229482817,0.0139384229482829,0.04999999999998897,0.04253845178492885
148,0.0266723040006845,0.0266723040006835,0.2105708210580509,0.0084228328423226,0.0935912811096395,0.0266723040006856,0.1162787200635757,0.0266723040006846,0.026672304000685,0.0266723040006663,0.0084228328423226,0.1559142596046077,0.0266723040006852,0.0084228328423226,0.078308771628542,0.0266723040006849,0.0266723040006857,0.026672304000684,0.0266723040006795,0.0266723040006854,0.04999999999997889,0.05282586172047847
149,0.0127580603747206,0.0886178164271403,0.1007215292741133,0.004028861170965,0.0591850367230534,0.0576504969662946,0.0599563323028263,0.0127580603747211,0.0944392355284484,0.0127580603747118,0.004028861170965,0.0611949607201728,0.0127580603747208,0.004028861170965,0.1042192681613866,0.0897049651352519,0.0603382673330514,0.1353371456668507,0.0127580603747173,0.0127580603747213,0.049999999999989886,0.04060390150597613
150,0.0216456795662347,0.0216456795662352,0.1708869439439721,0.0068354777577593,0.0969387053686721,0.1188645379773283,0.0957686661069489,0.021645679566235,0.0216456795662356,0.0216456795661086,0.0068354777577593,0.1089236542596264,0.0216456795662349,0.0068354777577593,0.021645679566235,0.0216456795662345,0.0216456795662357,0.1500085838413762,0.0216456795662303,0.0216456795662356,0.04999999999998285,0.05077443984928971
