round,client,trust
1,0,0.015344011553413773
1,1,0.052055358381012204
1,2,0.015344011553413677
1,3,0.015344011553413476
1,4,0.1164346554370875
1,5,0.015344011553413014
1,6,0.12113693331641934
1,7,0.015344011553409007
1,8,0.12200061868446821
1,9,0.004845477332657448
1,10,0.004845477332657448
1,11,0.075537950720478
1,12,0.015344011553413183
1,13,0.004845477332657448
1,14,0.12155895344755416
1,15,0.016729004095398195
1,16,0.015344011553412817
1,17,0.17123085030706323
1,18,0.004845477332657448
1,19,0.07652568540575821
2,0,0.004735880756060572
2,1,0.014996955727522352
2,2,0.04026538729154272
2,3,0.014996955727523716
2,4,0.09799666849407658
2,5,0.0149969557275233
2,6,0.11768567902613133
2,7,0.014996955727523627
2,8,0.13273544678766386
2,9,0.004735880756060572
2,10,0.004735880756060572
2,11,0.10848519802909251
2,12,0.014996955727521955
2,13,0.004735880756060572
2,14,0.22574364937209324
2,15,0.014996955727521613
2,16,0.07266558898183136
2,17,0.01499695572752273
2,18,0.004735880756060572
2,19,0.07576428814436942
3,0,0.01626892359374894
3,1,0.01626892359374739
3,2,0.01626892359374749
3,3,0.005137554819079103
3,4,0.11018957942080176
3,5,0.016268923593748843
3,6,0.11531784382123286
3,7,0.016268923593747583
3,8,0.13859110023026605
3,9,0.005137554819079103
3,10,0.005137554819079103
3,11,0.10968949943532227
3,12,0.016268923593746622
3,13,0.005137554819079103
3,14,0.15328083508500875
3,15,0.016268923593746314
3,16,0.1076636422512218
3,17,0.01626892359374864
3,18,0.005137554819079103
3,19,0.10942833691051235
4,0,0.014477820900116336
4,1,0.01447782090011449
4,2,0.06149114496622965
4,3,0.004571943442142437
4,4,0.1032140892786512
4,5,0.014477820900116272
4,6,0.11065615233079704
4,7,0.01447782090011453
4,8,0.13740394273009895
4,9,0.004571943442142437
4,10,0.01447782090010029
4,11,0.10045611293019542
4,12,0.014477820900114381
4,13,0.004571943442142437
4,14,0.13697474238325028
4,15,0.014477820900113788
4,16,0.10809664946593756
4,17,0.02336302256087208
4,18,0.004571943442142437
4,19,0.09871162328437948
5,0,0.014993178833069921
5,1,0.01499317883306794
5,2,0.07177521412542379
5,3,0.004734688052548848
5,4,0.10956936903674508
5,5,0.014993178833069845
5,6,0.10596821399172907
5,7,0.014993178833069148
5,8,0.14784832014064947
5,9,0.004734688052548848
5,10,0.014993178832915979
5,11,0.11372745256402879
5,12,0.014993178833067578
5,13,0.004734688052548848
5,14,0.10840296147157827
5,15,0.014993178833066846
5,16,0.10022292872751559
5,17,0.014993178833069287
5,18,0.004734688052548848
5,19,0.10360135706750129
6,0,0.015634676756818948
6,1,0.01563467675681766
6,2,0.015634676756817793
6,3,0.004937266344259091
6,4,0.10952088231794353
6,5,0.01563467675681889
6,6,0.10378985676676265
6,7,0.015634676756816995
6,8,0.16719033052201282
6,9,0.004937266344259091
6,10,0.01563467675680125
6,11,0.11967175334766209
6,12,0.015634676756815243
6,13,0.004937266344259091
6,14,0.13757701118389967
6,15,0.015634676756817033
6,16,0.10474082808349236
6,17,0.015634676756818445
6,18,0.004937266344259091
6,19,0.09704818158960127
7,0,0.015970064617234075
7,1,0.015970064617233434
7,2,0.01597006461723295
7,3,0.0050431783001796664
7,4,0.11211823013211893
7,5,0.0159700646172335
7,6,0.10927954117190558
7,7,0.015970064617231577
7,8,0.1747893640506961
7,9,0.0050431783001796664
7,10,0.015970064617232053
7,11,0.12607945750448035
7,12,0.015970064617231453
7,13,0.0050431783001796664
7,14,0.13429530105758192
7,15,0.015970064617231286
7,16,0.10334296933516614
7,17,0.015970064617234
7,18,0.0050431783001796664
7,19,0.07619184199198588
8,0,0.016291298225012237
8,1,0.01629129822501169
8,2,0.04383534772346006
8,3,0.005144620492109626
8,4,0.11422176474714742
8,5,0.016291298225011987
8,6,0.11339689772655838
8,7,0.01629129822501073
8,8,0.1438735480086029
8,9,0.016291298224976783
8,10,0.016291298225011717
8,11,0.1286155123027302
8,12,0.016291298225010138
8,13,0.005144620492109626
8,14,0.13029384676760106
8,15,0.01629129822500937
8,16,0.10724536969625013
8,17,0.016291298225012175
8,18,0.005144620492109626
8,19,0.05646216752599702
9,0,0.018739720320203504
9,1,0.018739720320202585
9,2,0.01873972032020198
9,3,0.005917806416906944
9,4,0.13680776166077283
9,5,0.018739720320203403
9,6,0.12562990679377536
9,7,0.01873972032020268
9,8,0.14722249780106733
9,9,0.018739720320200704
9,10,0.018739720320203417
9,11,0.14042415804049277
9,12,0.09005350697949814
9,13,0.005917806416906944
9,14,0.11718345930989944
9,15,0.018739720320199632
9,16,0.03752808696145339
9,17,0.018739720320203268
9,18,0.005917806416906944
9,19,0.018739720320202803
10,0,0.01867816101385975
10,1,0.018678161013858084
10,2,0.11445197626679564
10,3,0.005898366635956285
10,4,0.12488204247469918
10,5,0.01867816101385935
10,6,0.07255276401279702
10,7,0.01867816101385927
10,8,0.12398019790957811
10,9,0.01867816101385696
10,10,0.01867816101385882
10,11,0.12488823799649737
10,12,0.04789910043968959
10,13,0.005898366635956285
10,14,0.0911803487660738
10,15,0.018678161013854454
10,16,0.1143667831009804
10,17,0.018678161013859666
10,18,0.005898366635956285
10,19,0.01867816101385871
11,0,0.01650308277919576
11,1,0.016503082779194617
11,2,0.08359716502184432
11,3,0.005211499825009696
11,4,0.11202736504602863
11,5,0.01650308277919537
11,6,0.08501498799560901
11,7,0.01650308277919453
11,8,0.13524488312645633
11,9,0.016503082779194135
11,10,0.016503082779195054
11,11,0.12013199418485036
11,12,0.08561955638867633
11,13,0.005211499825009696
11,14,0.13107372785722202
11,15,0.016503082779193337
11,16,0.08312807589126954
11,17,0.01650308277919569
11,18,0.005211499825009696
11,19,0.016503082779195342
12,0,0.016674187653355103
12,1,0.01667418765335446
12,2,0.016674187653353684
12,3,0.005265532943165287
12,4,0.09349397261898368
12,5,0.07106057003680247
12,6,0.07698743574507856
12,7,0.01667418765335427
12,8,0.13755419852428447
12,9,0.0166741876533533
12,10,0.016674187653353933
12,11,0.12831949731734746
12,12,0.07261768820857054
12,13,0.005265532943165287
12,14,0.12471475302752748
12,15,0.016674187653353625
12,16,0.0941644643590745
12,17,0.016674187653355075
12,18,0.005265532943165287
12,19,0.05189732010573841
13,0,0.018165009609533652
13,1,0.018165009609532427
13,2,0.018165009609532195
13,3,0.005736318824063821
13,4,0.11191085760202375
13,5,0.0181650096095333
13,6,0.08692606504599493
13,7,0.018165009609532955
13,8,0.14763438075243998
13,9,0.018165009609532913
13,10,0.018165009609532556
13,11,0.13046584974668188
13,12,0.10218833003226603
13,13,0.005736318824063821
13,14,0.12083858999823156
13,15,0.01816500960953252
13,16,0.10117687425455402
13,17,0.01816500960953359
13,18,0.005736318824063821
13,19,0.018165009609533413
14,0,0.018310570622989405
14,1,0.018310570622988076
14,2,0.07738834884727251
14,3,0.005782285459891957
14,4,0.1081498711774171
14,5,0.018310570622989044
14,6,0.07687276000363231
14,7,0.018310570622988565
14,8,0.1471568849240344
14,9,0.01831057062298766
14,10,0.01831057062298821
14,11,0.12534666011036885
14,12,0.09798339537935133
14,13,0.018310570622929196
14,14,0.03776580501649718
14,15,0.01831057062298754
14,16,0.09680732230753644
14,17,0.01831057062298931
14,18,0.005782285459891957
14,19,0.05616924570697988
15,0,0.01815354608017886
15,1,0.043620204804406856
15,2,0.042263403496578304
15,3,0.0057326987621623155
15,4,0.09413666061907741
15,5,0.02051403989597055
15,6,0.09743695281998012
15,7,0.018153546080178225
15,8,0.13235992175700817
15,9,0.01815354608017844
15,10,0.018153546080177926
15,11,0.09878043654447842
15,12,0.07700772101386301
15,13,0.018153546080173905
15,14,0.10607016113809702
15,15,0.01815354608017593
15,16,0.09509169868106149
15,17,0.018153546080178804
15,18,0.0057326987621623155
15,19,0.05417857914362534
16,0,0.01901945773924309
16,1,0.01901945773924005
16,2,0.08702303152596061
16,3,0.006006144549235283
16,4,0.09657997522304845
16,5,0.01901945773924308
16,6,0.07605703614398478
16,7,0.019019457739242327
16,8,0.10250533241933558
16,9,0.019019457739243118
16,10,0.019019457739242313
16,11,0.09396245430682189
16,12,0.08509498847515115
16,13,0.019019457739191375
16,14,0.11729123947980605
16,15,0.019019457739240245
16,16,0.10037498689784645
16,17,0.019019457739242997
16,18,0.006006144549235283
16,19,0.0579235467761456
17,0,0.01878110951358656
17,1,0.018781109513581435
17,2,0.12554009662044308
17,3,0.0059308766885016375
17,4,0.10763959952706532
17,5,0.03239292338260842
17,6,0.08987093967021544
17,7,0.01878110951358553
17,8,0.018781109513585366
17,9,0.01878110951358498
17,10,0.018781109513584117
17,11,0.12298272608568828
17,12,0.0897847170625692
17,13,0.018781109513584415
17,14,0.08748521486703997
17,15,0.018781109513580915
17,16,0.1048039122360639
17,17,0.01878110951358662
17,18,0.0059308766885016375
17,19,0.05860813154874658
18,0,0.019849861000694646
18,1,0.10916592934951316
18,2,0.13862311220849918
18,3,0.0062683771581147464
18,4,0.09678370347894018
18,5,0.019849861000694753
18,6,0.10453529312403995
18,7,0.01984986100069378
18,8,0.1136617110079021
18,9,0.01984986100069254
18,10,0.019849861000694136
18,11,0.129046307369174
18,12,0.035158265598312616
18,13,0.019849861000693986
18,14,0.01984986100069403
18,15,0.019849861000691155
18,16,0.0198498610006935
18,17,0.01984986100069469
18,18,0.0062683771581147464
18,19,0.06199031354013862
19,0,0.01799251397262725
19,1,0.08559200253929801
19,2,0.13107365068227567
19,3,0.005681846517672407
19,4,0.0832010461923017
19,5,0.042685215260979056
19,6,0.08916937626787365
19,7,0.01799251397262645
19,8,0.017992513972626276
19,9,0.017992513972623907
19,10,0.017992513972626183
19,11,0.10935914211726877
19,12,0.01799251397262625
19,13,0.017992513972625596
19,14,0.14277190900811595
19,15,0.017992513972623782
19,16,0.09358331848519881
19,17,0.0179925139726275
19,18,0.005681846517672407
19,19,0.04926802065742629
20,0,0.015098583791291755
20,1,0.1072749294384506
20,2,0.11412539108604804
20,3,0.004767973828829571
20,4,0.09214498097869601
20,5,0.015098583791292182
20,6,0.06489556476971865
20,7,0.015098583791291
20,8,0.11187701530479391
20,9,0.01509858379129058
20,10,0.015098583791289833
20,11,0.1191993457207286
20,12,0.015098583791290797
20,13,0.015098583791288058
20,14,0.07964035116109569
20,15,0.07465000926032388
20,16,0.06855450448609741
20,17,0.015098583791292149
20,18,0.004767973828829571
20,19,0.03731328980582316
21,0,0.014381311664057775
21,1,0.09711488775679254
21,2,0.11084771083946968
21,3,0.00454146684128197
21,4,0.08698901777270478
21,5,0.07880572914634193
21,6,0.09648632520914334
21,7,0.014381311664057359
21,8,0.014381311664057041
21,9,0.014381311664037303
21,10,0.014381311664030305
21,11,0.10738857593918598
21,12,0.014381311664057116
21,13,0.014381311664046114
21,14,0.10583728641641975
21,15,0.09910674489404415
21,16,0.07890898336664771
21,17,0.014381311664058177
21,18,0.00454146684128197
21,19,0.014381311664058037
22,0,0.016102240081829273
22,1,0.10429257444870803
22,2,0.10535428018525422
22,3,0.005084917920578334
22,4,0.08107629589944791
22,5,0.016102240081829835
22,6,0.05659123045898401
22,7,0.01610224008182904
22,8,0.08952664247184855
22,9,0.016102240081827233
22,10,0.016102240081821956
22,11,0.09651017085259217
22,12,0.016102240081828697
22,13,0.01610224008182619
22,14,0.11042577663114539
22,15,0.11813502233423298
22,16,0.08299801013992417
22,17,0.016102240081829772
22,18,0.005084917920578334
22,19,0.0161022400818296
23,0,0.01942987395113497
23,1,0.13678520768085656
23,2,0.12671032162168402
23,3,0.006135749668780314
23,4,0.10749058534508552
23,5,0.01942987395113579
23,6,0.06931043733632886
23,7,0.01942987395113489
23,8,0.019429873951135063
23,9,0.019429873951133984
23,10,0.019429873951135174
23,11,0.09756396445791023
23,12,0.01942987395113418
23,13,0.01942987395113295
23,14,0.11141649066502385
23,15,0.050728578571572654
23,16,0.09342417547232262
23,17,0.019429873951135736
23,18,0.006135749668780314
23,19,0.019429873951135587
24,0,0.02168345010148329
24,1,0.09496928385456999
24,2,0.13984942312841783
24,3,0.006847405295206118
24,4,0.14060705575140434
24,5,0.047695672932237344
24,6,0.0697936400450156
24,7,0.02168345010148277
24,8,0.025715290546366676
24,9,0.021683450101477025
24,10,0.02168345010148019
24,11,0.10025894248562574
24,12,0.021683450101482007
24,13,0.021683450101481153
24,14,0.07931699396159764
24,15,0.09294783579067385
24,16,0.02168345010148254
24,17,0.02168345010148388
24,18,0.006847405295206118
24,19,0.021683450101483454
25,0,0.017349616172953303
25,1,0.11121550419305577
25,2,0.10115702748861789
25,3,0.005478826159880894
25,4,0.09619046744652497
25,5,0.05710209085498781
25,6,0.0504217951118747
25,7,0.017349616172953188
25,8,0.07587611064606675
25,9,0.017349616172952543
25,10,0.01734961617295361
25,11,0.08708979754778218
25,12,0.07567398853176421
25,13,0.017349616172951676
25,14,0.12200432005607637
25,15,0.01734961617295436
25,16,0.07351431641958617
25,17,0.01734961617295444
25,18,0.005478826159880894
25,19,0.017349616172954163
26,0,0.017715047895924315
26,1,0.07983621800397522
26,2,0.0899154496604684
26,3,0.005594225651345384
26,4,0.09785994483420649
26,5,0.09201734287085483
26,6,0.06493990906926497
26,7,0.017715047895924103
26,8,0.03829195696897484
26,9,0.017715047895922348
26,10,0.017715047895922903
26,11,0.10926920225415018
26,12,0.0843007970409246
26,13,0.01771504789592136
26,14,0.09166009779313466
26,15,0.04226463841712975
26,16,0.07445065651248034
26,17,0.017715047895925345
26,18,0.005594225651345384
26,19,0.017715047895924874
27,0,0.02658995509355346
27,1,0.0265899550935541
27,2,0.1482529271378928
27,3,0.008396827924281371
27,4,0.13218955597718512
27,5,0.02658995509355513
27,6,0.08822220300886642
27,7,0.026589955093552865
27,8,0.06103615446681271
27,9,0.026589955093553996
27,10,0.026589955093549042
27,11,0.11676026961166158
27,12,0.11024319357097226
27,13,0.026589955093549895
27,14,0.03401253434854164
27,15,0.026589955093553424
27,16,0.02658995509355349
27,17,0.02658995509355506
27,18,0.008396827924281371
27,19,0.026589955093554322
28,0,0.02376268199964589
28,1,0.10276548267574555
28,2,0.0629677921488678
28,3,0.004362319511636578
28,4,0.07838505788451396
28,5,0.0790052304937231
28,6,0.06506946092040396
28,7,0.013814011786846709
28,8,0.08780701247222877
28,9,0.004362319511636578
28,10,0.013814011786843234
28,11,0.09456827162399714
28,12,0.05772488893924933
28,13,0.004362319511636578
28,14,0.10477502127622014
28,15,0.10223181028594928
28,16,0.0682319640853067
28,17,0.013814011786846655
28,18,0.004362319511636578
28,19,0.013814011786847524
29,0,0.020477919969717814
29,1,0.09309624670547798
29,2,0.11421832084854314
29,3,0.006466711569385526
29,4,0.11193097859829788
29,5,0.065790346271806
29,6,0.0842699180150234
29,7,0.020477919969717876
29,8,0.04312688691874797
29,9,0.020477919969714112
29,10,0.006466711569385526
29,11,0.10888635028511424
29,12,0.07903294234256597
29,13,0.02047791996971483
29,14,0.0753542163420387
29,15,0.020477919969717328
29,16,0.061548219175885654
29,17,0.020477919969718865
29,18,0.006466711569385526
29,19,0.0204779199697183
30,0,0.0314962384759654
30,1,0.016902756378537043
30,2,0.09168353753922243
30,3,0.0053377125405912
30,4,0.08893042399973985
30,5,0.016902756378537186
30,6,0.06274759355244659
30,7,0.01690275637853601
30,8,0.03603281192717859
30,9,0.016902756378517778
30,10,0.016902756378503962
30,11,0.06582047738286669
30,12,0.07849177642859764
30,13,0.12963420538567233
30,14,0.08962811655123627
30,15,0.1326941586758493
30,16,0.06384594035007003
30,17,0.016902756378536932
30,18,0.0053377125405912
30,19,0.0169027563785367
31,0,0.026026456540160853
31,1,0.11471242731537341
31,2,0.07713381334133479
31,3,0.015201539557848772
31,4,0.07941957822769458
31,5,0.11986125601475224
31,6,0.058169208111661555
31,7,0.015201539557847523
31,8,0.037203970469501677
31,9,0.004800486176163227
31,10,0.004800486176163227
31,11,0.09907133672310066
31,12,0.07650952796783154
31,13,0.01520153955784711
31,14,0.0920851235341946
31,15,0.015201539557847614
31,16,0.07729689825243721
31,17,0.05210124718398784
31,18,0.004800486176163227
31,19,0.015201539557848283
32,0,0.018035357666238407
32,1,0.018035357666238636
32,2,0.11004099197023497
32,3,0.005695376105128996
32,4,0.11049741609647107
32,5,0.081764672811024
32,6,0.11384295444673087
32,7,0.018035357666238785
32,8,0.1037514146089237
32,9,0.005695376105128996
32,10,0.005695376105128996
32,11,0.08928888807322113
32,12,0.07231312720296842
32,13,0.005695376105128996
32,14,0.03286534424851394
32,15,0.1394590287185992
32,16,0.02752249296618828
32,17,0.018035357666239208
32,18,0.005695376105128996
32,19,0.018035357666239617
33,0,0.016511130815402352
33,1,0.122667947898509
33,2,0.08405581624430263
33,3,0.005214041310127874
33,4,0.08325481612021579
33,5,0.08081992910129884
33,6,0.08687836939593406
33,7,0.01651113081540266
33,8,0.0373453820256391
33,9,0.016511130815368678
33,10,0.005214041310127874
33,11,0.10812703316582528
33,12,0.07175511410160437
33,13,0.005214041310127874
33,14,0.12529286647719387
33,15,0.01651113081540279
33,16,0.07987977533632334
33,17,0.016511130815401967
33,18,0.005214041310127874
33,19,0.01651113081540297
34,0,0.01910669050579323
34,1,0.019106690505794024
34,2,0.09987573618934933
34,3,0.006033691738672405
34,4,0.10044990851004185
34,5,0.019106690505794104
34,6,0.08680965775259064
34,7,0.019106690505793205
34,8,0.04497356107815644
34,9,0.019106690505786658
34,10,0.006033691738672405
34,11,0.11175078141803335
34,12,0.10026864031370195
34,13,0.019106690505788216
34,14,0.11382674181999083
34,15,0.13891068438256493
34,16,0.01910669050579292
34,17,0.019106690505793878
34,18,0.019106690505794128
34,19,0.019106690505793805
35,0,0.017571003583232745
35,1,0.10488078168828395
35,2,0.10062659553631152
35,3,0.005548737973653376
35,4,0.08709727187647266
35,5,0.1012566390345137
35,6,0.08607538814730928
35,7,0.017571003583233314
35,8,0.043455645244681665
35,9,0.017571003583224026
35,10,0.005548737973653376
35,11,0.10197168605594657
35,12,0.07999664839923039
35,13,0.017571003583228845
35,14,0.04510214263529973
35,15,0.01757100358323362
35,16,0.08648125745457547
35,17,0.04098370850675146
35,18,0.005548737973653376
35,19,0.01757100358323367
36,0,0.02034152687546662
36,1,0.020341526875467936
36,2,0.10584919692809514
36,3,0.006423640065937862
36,4,0.10011561959203653
36,5,0.020341526875467936
36,6,0.09174490145219809
36,7,0.020341526875466996
36,8,0.04358880348152203
36,9,0.02034152687543204
36,10,0.006423640065937862
36,11,0.10063774328291068
36,12,0.0991192986859186
36,13,0.020341526875466746
36,14,0.07187300177408805
36,15,0.12578660717913306
36,16,0.020341526875467753
36,17,0.07928169242225948
36,18,0.006423640065937862
36,19,0.020341526875467513
37,0,0.01365290336494217
37,1,0.09911742017597458
37,2,0.09513492897156887
37,3,0.00431144316787726
37,4,0.06931317328731752
37,5,0.07665918771514732
37,6,0.05878967920496718
37,7,0.013652903364942702
37,8,0.09038891767916894
37,9,0.00431144316787726
37,10,0.00431144316787726
37,11,0.07451880214293718
37,12,0.07384523982761598
37,13,0.013652903364933874
37,14,0.09778957631274213
37,15,0.04747862449211806
37,16,0.06752371149805024
37,17,0.07758335256090577
37,18,0.00431144316787726
37,19,0.013652903364942987
38,0,0.014832474600235105
38,1,0.06679750239693559
38,2,0.08330976512670839
38,3,0.004683939347443427
38,4,0.08361889208118384
38,5,0.06996140627604618
38,6,0.11164430906814932
38,7,0.014832474600234999
38,8,0.097266433698319
38,9,0.014832474600170006
38,10,0.004683939347443427
38,11,0.0883038293380199
38,12,0.09080066301288149
38,13,0.01483247460023129
38,14,0.04318941270244428
38,15,0.019837246559472995
38,16,0.06593520860473102
38,17,0.08097260483864374
38,18,0.014832474600236106
38,19,0.014832474600235639
39,0,0.014876114302158473
39,1,0.04922865113167656
39,2,0.09197574413660477
39,3,0.004697720305945553
39,4,0.07579172418397996
39,5,0.04835518562619309
39,6,0.0702417862478783
39,7,0.014876114302158539
39,8,0.09412710836104045
39,9,0.004697720305945553
39,10,0.014876114302096637
39,11,0.08831653138965168
39,12,0.06427950341823448
39,13,0.01487611430215623
39,14,0.1090550052133127
39,15,0.11340493730587503
39,16,0.014876114302158558
39,17,0.09187397625459401
39,18,0.004697720305945553
39,19,0.014876114302158969
40,0,0.01556407241838431
40,1,0.10158849894096643
40,2,0.08913294678740985
40,3,0.004914970237385283
40,4,0.07681848311823418
40,5,0.08013339986088011
40,6,0.0821267649642051
40,7,0.015564072418384377
40,8,0.06430969835857087
40,9,0.015564072418373546
40,10,0.015564072418380521
40,11,0.08726306219776626
40,12,0.07490516917134059
40,13,0.015564072418383286
40,14,0.06629508203812039
40,15,0.01556407241838402
40,16,0.08043365560095163
40,17,0.07821479155786357
40,18,0.004914970237385283
40,19,0.015564072418384839
41,0,0.021361862909830796
41,1,0.021361862909831393
41,2,0.11674327475220733
41,3,0.006745851445210778
41,4,0.10552061551792068
41,5,0.02136186290983208
41,6,0.09880524247687453
41,7,0.02136186290983069
41,8,0.05049880223669413
41,9,0.021361862909794308
41,10,0.021361862909826397
41,11,0.10690776380525292
41,12,0.09003575618818693
41,13,0.021361862909828336
41,14,0.041701734567294584
41,15,0.16267647846654124
41,16,0.02136186290983178
41,17,0.021361862909831424
41,18,0.006745851445210778
41,19,0.021361862909831515
42,0,0.014985656280412055
42,1,0.11133700525967072
42,2,0.07773289176353118
42,3,0.004732312509604587
42,4,0.07770570985290814
42,5,0.0772661198536657
42,6,0.04818642896434504
42,7,0.014985656280412278
42,8,0.048214688464681264
42,9,0.014985656280391151
42,10,0.014985656280409343
42,11,0.07801388369127271
42,12,0.06788365197303467
42,13,0.004732312509604587
42,14,0.11390279412442247
42,15,0.014985656280413087
42,16,0.07910442909021874
42,17,0.11654152175074846
42,18,0.004732312509604587
42,19,0.014985656280412665
43,0,0.01590358398124759
43,1,0.027495740322980057
43,2,0.07291108805491239
43,3,0.005022184415131577
43,4,0.09597659909299176
43,5,0.06762547618836254
43,6,0.08804313733407274
43,7,0.015903583981247364
43,8,0.11963250717198858
43,9,0.015903583981055267
43,10,0.01590358398123731
43,11,0.11606716518546195
43,12,0.05692214048261788
43,13,0.015903583981243825
43,14,0.10191037389272586
43,15,0.11614273159359643
43,16,0.015903583981247717
43,17,0.015903583981248345
43,18,0.005022184415131577
43,19,0.015903583981248113
44,0,0.019653101081825993
44,1,0.13780276046878376
44,2,0.10469627269164704
44,3,0.006206242446893286
44,4,0.10096386975893284
44,5,0.05798331975050786
44,6,0.06630089314119841
44,7,0.019653101081825903
44,8,0.049481865317013624
44,9,0.019653101081794265
44,10,0.01965310108182145
44,11,0.09093273166664927
44,12,0.08760805063898426
44,13,0.019653101081825886
44,14,0.089581830108932
44,15,0.01965310108182649
44,16,0.01965310108182599
44,17,0.04501111290868155
44,18,0.006206242446893286
44,19,0.019653101081826368
45,0,0.015883139938217907
45,1,0.01588313993821823
45,2,0.07245920103502271
45,3,0.00501572840154321
45,4,0.08132792018604831
45,5,0.09000106688979571
45,6,0.07721349176041514
45,7,0.01588313993821776
45,8,0.09881059736381873
45,9,0.00501572840154321
45,10,0.01588313993821476
45,11,0.08162755150512417
45,12,0.06304223495732965
45,13,0.01588313993821447
45,14,0.025358108822614807
45,15,0.11731063515457905
45,16,0.08185025832657179
45,17,0.1006529091644982
45,18,0.00501572840154321
45,19,0.01588313993821806
46,0,0.019375154668544017
46,1,0.135706582726552
46,2,0.10387596277181539
46,3,0.006118469895330598
46,4,0.09183756035464911
46,5,0.019375154668545034
46,6,0.07426215914329755
46,7,0.019375154668543896
46,8,0.053081779879618755
46,9,0.0193751546685267
46,10,0.019375154668539722
46,11,0.11607685574344209
46,12,0.0736601185428402
46,13,0.019375154668541804
46,14,0.1455104943613998
46,15,0.019375154668545037
46,16,0.019375154668543858
46,17,0.019375154668543466
46,18,0.006118469895330598
46,19,0.01937515466854445
47,0,0.014334239436475835
47,1,0.014334239436476109
47,2,0.09442642190759028
47,3,0.004526601927308742
47,4,0.06257955624416833
47,5,0.07978344971323889
47,6,0.06600797574463087
47,7,0.014334239436475753
47,8,0.1154012442835432
47,9,0.014334239436441947
47,10,0.004526601927308742
47,11,0.11188031156108165
47,12,0.06729030802153622
47,13,0.014334239436465345
47,14,0.014334239436475467
47,15,0.10567038822233836
47,16,0.07326360127578073
47,17,0.10977726118865276
47,18,0.004526601927308742
47,19,0.01433423943647583
48,0,0.017886083889954524
48,1,0.10516361249199369
48,2,0.09191462982081867
48,3,0.0056482370178812255
48,4,0.07031711397408896
48,5,0.07181545517353984
48,6,0.08170138773114487
48,7,0.01788608388995495
48,8,0.03942680532311684
48,9,0.01788608388994994
48,10,0.017886083889590947
48,11,0.09976698881735402
48,12,0.06879856838654246
48,13,0.017886083889950076
48,14,0.1371276418454625
48,15,0.017886083889954867
48,16,0.07958265128062918
48,17,0.017886083889953885
48,18,0.0056482370178812255
48,19,0.01788608388995483
49,0,0.022592992264149805
49,1,0.022592992264150125
49,2,0.11004827409553139
49,3,0.007134629136048263
49,4,0.09525220027065041
49,5,0.022592992264150655
49,6,0.10786783717092555
49,7,0.022592992264149552
49,8,0.11071353305215893
49,9,0.02259299226414583
49,10,0.022592992264144837
49,11,0.10846945414742376
49,12,0.08514772737061388
49,13,0.022592992264149764
49,14,0.022592992264149115
49,15,0.11970880071460373
49,16,0.02259299226415016
49,17,0.022592992264149486
49,18,0.007134629136048263
49,19,0.022592992264149774
50,0,0.013874810702548616
50,1,0.0981281708180974
50,2,0.08186326417222352
50,3,0.0043815191692266
50,4,0.08953308015374781
50,5,0.08052083849496187
50,6,0.06292018778377864
50,7,0.013874810702548418
50,8,0.09174040650112351
50,9,0.0043815191692266
50,10,0.013874810702547194
50,11,0.0689296403627579
50,12,0.0497495973388675
50,13,0.013874810702547181
50,14,0.1154917409141461
50,15,0.013874810702548746
50,16,0.06869706336950454
50,17,0.08653929683428035
50,18,0.01387481070254957
50,19,0.013874810702549012
51,0,0.015750306094987315
51,1,0.11056767531199348
51,2,0.08040455967356368
51,3,0.004973780872102003
51,4,0.07145330456461292
51,5,0.015750306094988155
51,6,0.06238192980129158
51,7,0.015750306094987093
51,8,0.11441444270010818
51,9,0.004973780872102003
51,10,0.015750306094961666
51,11,0.1136404443381418
51,12,0.08408515467839851
51,13,0.004973780872102003
51,14,0.053434149981420695
51,15,0.12231407385259188
51,16,0.015750306094987194
51,17,0.07290730503932147
51,18,0.004973780872102003
51,19,0.01575030609498762
52,0,0.016652509668130106
52,1,0.09687727359787866
52,2,0.1020946712344035
52,3,0.0052586872636209425
52,4,0.07490348295689783
52,5,0.09317913954045544
52,6,0.09850390450852783
52,7,0.01665250966813052
52,8,0.04170989847083061
52,9,0.0052586872636209425
52,10,0.0052586872636209425
52,11,0.08501182877447305
52,12,0.05363280280655897
52,13,0.0052586872636209425
52,14,0.09818230588533977
52,15,0.01665250966813092
52,16,0.08868148484727095
52,17,0.07431973238647334
52,18,0.0052586872636209425
52,19,0.016652509668130772
53,0,0.01819367088587522
53,1,0.01819367088586518
53,2,0.08760325979810168
53,3,0.005745369753435243
53,4,0.08708584143883358
53,5,0.0859064981872126
53,6,0.08005193647465052
53,7,0.018193670885875153
53,8,0.10298165977967444
53,9,0.01819367088586826
53,10,0.005745369753435243
53,11,0.09019245848536965
53,12,0.06499270900091064
53,13,0.01819367088586315
53,14,0.07983897842326494
53,15,0.0809379797931534
53,16,0.0833685720246955
53,17,0.01819367088587617
53,18,0.018193670885876513
53,19,0.01819367088587558
54,0,0.016360332591993897
54,1,0.05084908996488111
54,2,0.1291605204631199
54,3,0.005166420818525219
54,4,0.07689173636301633
54,5,0.08216025909397492
54,6,0.06765314973855976
54,7,0.0163603325919939
54,8,0.046342927317800583
54,9,0.005166420818525219
54,10,0.01636033259197702
54,11,0.08655129517342015
54,12,0.05268379015284502
54,13,0.01636033259198425
54,14,0.08617926394920834
54,15,0.07551467544324614
54,16,0.016360332591994507
54,17,0.12115812255868713
54,18,0.016360332591994195
54,19,0.016360332591994157
55,0,0.012575026275449456
55,1,0.08810297524778982
55,2,0.09927652322723941
55,3,0.003971060929089895
55,4,0.05284674400001565
55,5,0.06646284349405217
55,6,0.0881426377467983
55,7,0.012575026275449477
55,8,0.09892584197192175
55,9,0.012575026275435205
55,10,0.003971060929089895
55,11,0.07175199368246547
55,12,0.04021396692678566
55,13,0.003971060929089895
55,14,0.10301716768048141
55,15,0.05589831799660483
55,16,0.06640006355850288
55,17,0.09417261030264194
55,18,0.012575026275448908
55,19,0.01257502627544952
56,0,0.019940576158937073
56,1,0.019940576158937472
56,2,0.15742560125477778
56,3,0.006297024050191654
56,4,0.09808826179264049
56,5,0.09994944680482587
56,6,0.06655214810852866
56,7,0.019940576158937216
56,8,0.10723333986355664
56,9,0.006297024050191654
56,10,0.006297024050191654
56,11,0.0979189122726476
56,12,0.0635113601006986
56,13,0.01994057615893406
56,14,0.01994057615893648
56,15,0.01994057615893705
56,16,0.019940576158937812
56,17,0.11096467222100159
56,18,0.019940576158938267
56,19,0.01994057615893749
57,0,0.01271425225241314
57,1,0.0431158009516815
57,2,0.10037567567695227
57,3,0.0040150270270783986
57,4,0.05174885559976845
57,5,0.06112355483472245
57,6,0.10037567567693619
57,7,0.012714252252413153
57,8,0.07452687804497765
57,9,0.01271425225238274
57,10,0.0040150270270783986
57,11,0.0787857335715263
57,12,0.04543723567156386
57,13,0.01271425225236548
57,14,0.10343760524873294
57,15,0.08649535986826656
57,16,0.06753954876350307
57,17,0.10272250852261236
57,18,0.012714252252411165
57,19,0.012714252252413225
58,0,0.021579608156446863
58,1,0.09387312320663166
58,2,0.17036532755090705
58,3,0.006814613102036886
58,4,0.0792886798369025
58,5,0.03938845450663732
58,6,0.07185966235920403
58,7,0.021579608156447005
58,8,0.06100577791549867
58,9,0.021579608156286654
58,10,0.006814613102036886
58,11,0.11221030561552679
58,12,0.07615512006628057
58,13,0.02157960815644546
58,14,0.052436145118913154
58,15,0.02157960815644766
58,16,0.021579608156446765
58,17,0.057151312367668405
58,18,0.021579608156447973
58,19,0.021579608156447203
59,0,0.013784455051660295
59,1,0.058711500241636
59,2,0.10882464514469244
59,3,0.004352985805788057
59,4,0.05820327124931634
59,5,0.07271422312392055
59,6,0.059583870399933375
59,7,0.013784455051660344
59,8,0.06884244970488078
59,9,0.013784455051606883
59,10,0.004352985805788057
59,11,0.06365388199641965
59,12,0.04029034650255163
59,13,0.013784455051651188
59,14,0.09624497911966319
59,15,0.10763560018803153
59,16,0.07338327961499667
59,17,0.10049925079226552
59,18,0.013784455051659072
59,19,0.013784455051660476
60,0,0.01956764182114962
60,1,0.10387383930092958
60,2,0.15448138279855966
60,3,0.006179255311942885
60,4,0.05748458472267245
60,5,0.08695810413536283
60,6,0.10074314723895873
60,7,0.01956764182114962
60,8,0.11150176145600359
60,9,0.019567641821123593
60,10,0.006179255311942885
60,11,0.10112838896974267
60,12,0.03015546447431173
60,13,0.01956764182114923
60,14,0.019567641821149447
60,15,0.019567641821149794
60,16,0.065206039888944
60,17,0.019567641821149225
60,18,0.01956764182114924
60,19,0.019567641821150353
61,0,0.017149042147453268
61,1,0.017149042147454337
61,2,0.13538717484832702
61,3,0.005415486993933503
61,4,0.06590265059446761
61,5,0.07661349512360868
61,6,0.06017988726770838
61,7,0.017149042147453754
61,8,0.037122928915938054
61,9,0.017149042147428212
61,10,0.005415486993933503
61,11,0.07578252057723206
61,12,0.017149042147452834
61,13,0.017149042147453022
61,14,0.13318324519192815
61,15,0.12676938655134634
61,16,0.017149042147453563
61,17,0.12388635761425121
61,18,0.017149042147451485
61,19,0.01714904214745415
62,0,0.01856546846828677
62,1,0.12426963720108532
62,2,0.14656948790753524
62,3,0.005862779516301897
62,4,0.04627799385027503
62,5,0.01856546846828753
62,6,0.07648746527184414
62,7,0.018565468468287213
62,8,0.14495874383913215
62,9,0.018565468468262594
62,10,0.005862779516301897
62,11,0.09130255076222214
62,12,0.018565468468286446
62,13,0.01856546846827525
62,14,0.08185455267522679
62,15,0.01856546846828745
62,16,0.09089932477694868
62,17,0.01856546846828643
62,18,0.018565468468286703
62,19,0.018565468468287345
63,0,0.017109430556418552
63,1,0.01710943055641946
63,2,0.13507445176121022
63,3,0.005402978070448843
63,4,0.07622114278198523
63,5,0.09786310120379016
63,6,0.08603567415701796
63,7,0.017109430556419256
63,8,0.03188033753413099
63,9,0.017109430556405524
63,10,0.005402978070448843
63,11,0.07490311143279163
63,12,0.01710943055641842
63,13,0.017109430556404646
63,14,0.11294577633759702
63,15,0.1259310225383006
63,16,0.033960482394454185
63,17,0.07750349926623336
63,18,0.017109430556415547
63,19,0.017109430556419388
64,0,0.01930215629408174
64,1,0.13683032185865418
64,2,0.15238544442696828
64,3,0.006095417777079248
64,4,0.08580433688059153
64,5,0.019302156294082395
64,6,0.07821354600969686
64,7,0.01930215629408213
64,8,0.1393101155224024
64,9,0.019302156294020892
64,10,0.006095417777079248
64,11,0.0945097316719321
64,12,0.019302156294081448
64,13,0.019302156294075692
64,14,0.019302156294081215
64,15,0.01930215629408234
64,16,0.08843194884045855
64,17,0.019302156294081385
64,18,0.019302156294081677
64,19,0.019302156294081923
65,0,0.01984373351677898
65,1,0.019843733516780412
65,2,0.1566610540798488
65,3,0.006266442163194442
65,4,0.07056658549519014
65,5,0.09858689367426869
65,6,0.07461512720238608
65,7,0.01984373351677991
65,8,0.03267729397463083
65,9,0.01984373351677489
65,10,0.006266442163194442
65,11,0.09300390528225905
65,12,0.019843733516779444
65,13,0.019843733516775573
65,14,0.13599441060626324
65,15,0.12511518262342256
65,16,0.021653061084027172
65,17,0.019843733516779018
65,18,0.01984373351677293
65,19,0.019843733516780062
66,0,0.01735189023954942
66,1,0.11691320488108287
66,2,0.1369886071543439
66,3,0.005479544286174168
66,4,0.05476451763488089
66,5,0.017351890239549833
66,6,0.06953280652654531
66,7,0.01735189023954967
66,8,0.11097796855215218
66,9,0.017351890239528944
66,10,0.005479544286174168
66,11,0.07444757441845923
66,12,0.017351890239549222
66,13,0.017351890239540244
66,14,0.07188686658081624
66,15,0.01735189023954951
66,16,0.08737413024144651
66,17,0.10998822328173484
66,18,0.017351890239549264
66,19,0.01735189023954963
67,0,0.02068238349751238
67,1,0.0206823834975131
67,2,0.1632819749803716
67,3,0.006531278999215362
67,4,0.09215554245748636
67,5,0.11982552511248241
67,6,0.1114311341867258
67,7,0.02068238349751303
67,8,0.04497765062217726
67,9,0.02068238349750437
67,10,0.006531278999215362
67,11,0.10642872890368425
67,12,0.020682383497512412
67,13,0.006531278999215362
67,14,0.13548177176398324
67,15,0.020682383497511683
67,16,0.020682383497513186
67,17,0.020682383497512596
67,18,0.020682383497510733
67,19,0.020682383497512866
68,0,0.016055618377754252
68,1,0.10730896752953584
68,2,0.12675488192964862
68,3,0.005070195277186321
68,4,0.0452786164496031
68,5,0.016055618377755116
68,6,0.060435709784402186
68,7,0.01605561837775487
68,8,0.11975913589422828
68,9,0.016055618377743545
68,10,0.005070195277186321
68,11,0.07313706719837963
68,12,0.016055618377754398
68,13,0.01605561837774851
68,14,0.016055618377754464
68,15,0.10969098561232044
68,16,0.08232515684543616
68,17,0.1206685228020449
68,18,0.016055618377754686
68,19,0.016055618377754922
69,0,0.01875092887692823
69,1,0.018750928876927718
69,2,0.14803364902838947
69,3,0.005921345961136065
69,4,0.07896898650103268
69,5,0.08804066433406185
69,6,0.09854012017670319
69,7,0.018750928876928835
69,8,0.04557951846898486
69,9,0.01875092887690982
69,10,0.005921345961136065
69,11,0.0838230862255625
69,12,0.01875092887692809
69,13,0.005921345961136065
69,14,0.15132665169030743
69,15,0.01875092887692893
69,16,0.04061303925840117
69,17,0.09730281541744647
69,18,0.018750928876925678
69,19,0.018750928876928783
70,0,0.016981067965294888
70,1,0.10069181831589108
70,2,0.13406106288391462
70,3,0.0053624425153569995
70,4,0.06796602463411691
70,5,0.05200980728987615
70,6,0.059901085382948714
70,7,0.016981067965295204
70,8,0.13065185821458328
70,9,0.016981067965254292
70,10,0.0053624425153569995
70,11,0.09523059938253929
70,12,0.016981067965294902
70,13,0.016981067965273943
70,14,0.016981067965295128
70,15,0.11853688142105244
70,16,0.016981067965294996
70,17,0.07739636575650131
70,18,0.016981067965295374
70,19,0.01698106796529531
71,0,0.015976089606477128
71,1,0.10487894356397463
71,2,0.12612702320903726
71,3,0.005045080928361904
71,4,0.03609200516327274
71,5,0.08949686648912115
71,6,0.07322851272687578
71,7,0.015976089606477565
71,8,0.04017961265313612
71,9,0.015976089606452665
71,10,0.005045080928361904
71,11,0.07342369816040208
71,12,0.01597608960647682
71,13,0.005045080928361904
71,14,0.12944125970765363
71,15,0.01597608960647772
71,16,0.0840261787205997
71,17,0.11613802957527249
71,18,0.015976089606476937
71,19,0.015976089606477475
72,0,0.0257824325219918
72,1,0.02578243252199268
72,2,0.20354551991047493
72,3,0.008141820796419626
72,4,0.06455158679381345
72,5,0.025782432521992978
72,6,0.10045429507939772
72,7,0.025782432521992634
72,8,0.16545575566365148
72,9,0.025782432521972442
72,10,0.008141820796419626
72,11,0.11453757817354053
72,12,0.02578243252199178
72,13,0.02578243252199001
72,14,0.02578243252199234
72,15,0.02578243252199092
72,16,0.02578243252199259
72,17,0.025782432521990577
72,18,0.025782432521991788
72,19,0.02578243252199278
73,0,0.015564541676637782
73,1,0.08816220089222263
73,2,0.12287796060504144
73,3,0.004915118424202067
73,4,0.06451236157692673
73,5,0.08829189729092109
73,6,0.056443456699746694
73,7,0.015564541676638049
73,8,0.027967689330278534
73,9,0.015564541676604987
73,10,0.004915118424202067
73,11,0.07274962784591812
73,12,0.0155645416766377
73,13,0.015564541676637195
73,14,0.14336224240643808
73,15,0.01556454167663709
73,16,0.08065772997835503
73,17,0.12062826311243602
73,18,0.015564541676634886
73,19,0.015564541676638177
74,0,0.01961735129010965
74,1,0.01961735129010969
74,2,0.15487382597455823
74,3,0.006194953038982841
74,4,0.05450513980725193
74,5,0.019617351290110413
74,6,0.0721362461587853
74,7,0.0196173512901103
74,8,0.13590101239972988
74,9,0.019617351290092067
74,10,0.006194953038982841
74,11,0.08784372851879868
74,12,0.019617351290109428
74,13,0.019617351290108685
74,14,0.01961735129010901
74,15,0.1463147923433869
74,16,0.019617351290109705
74,17,0.1202444845280244
74,18,0.019617351290110142
74,19,0.0196173512901101
75,0,0.015469594381833743
75,1,0.09703440164832967
75,2,0.12212837669869572
75,3,0.004885135067948234
75,4,0.0743317276906324
75,5,0.09006744995457193
75,6,0.0756041478743881
75,7,0.015469594381834421
75,8,0.032603125280398985
75,9,0.015469594381807134
75,10,0.004885135067948234
75,11,0.09183835125061773
75,12,0.015469594381833795
75,13,0.004885135067948234
75,14,0.13111735780159411
75,15,0.015469594381834496
75,16,0.07996041189859657
75,17,0.08237208402527543
75,18,0.015469594381832513
75,19,0.015469594381834283
76,0,0.016318929180501263
76,1,0.016318929180501082
76,2,0.1288336514250176
76,3,0.005153346057001225
76,4,0.05970393912655346
76,5,0.06718759382165825
76,6,0.0646668190788593
76,7,0.016318929180501797
76,8,0.11995860108209784
76,9,0.016318929180443646
76,10,0.005153346057001225
76,11,0.0713944422845913
76,12,0.016318929180500905
76,13,0.016318929180497058
76,14,0.09426494914402063
76,15,0.11843511774951108
76,16,0.035223785564456
76,17,0.0994729751650251
76,18,0.016318929180501908
76,19,0.016318929180501766
77,0,0.01946117390494021
77,1,0.13260477818249156
77,2,0.1536408466179577
77,3,0.006145633864718807
77,4,0.07667725591057979
77,5,0.019461173904941002
77,6,0.07182817476099129
77,7,0.01946117390494065
77,8,0.04395471326822923
77,9,0.019461173904930497
77,10,0.006145633864718807
77,11,0.11320508540676802
77,12,0.0194611739049402
77,13,0.019461173904927194
77,14,0.13100143863082933
77,15,0.019461173904940888
77,16,0.07018470044302808
77,17,0.019461173904939753
77,18,0.019461173904939
77,19,0.01946117390494067
78,0,0.01647078924440627
78,1,0.01647078924440682
78,2,0.13003254666637382
78,3,0.005201301866655443
78,4,0.07693903758306879
78,5,0.07116496020900814
78,6,0.07308593911795182
78,7,0.0164707892444066
78,8,0.11954499110384728
78,9,0.005201301866655443
78,10,0.005201301866655443
78,11,0.07408597827630128
78,12,0.016470789244406116
78,13,0.016470789244400225
78,14,0.016470789244406484
78,15,0.12659544803065065
78,16,0.045017497869248246
78,17,0.13616338158807773
78,18,0.016470789244406776
78,19,0.016470789244406658
79,0,0.01704481274880542
79,1,0.11055490269441944
79,2,0.13456431117478998
79,3,0.00538257244699202
79,4,0.0752963709434737
79,5,0.07349786723786567
79,6,0.06605627889775259
79,7,0.017044812748806194
79,8,0.04047937288254535
79,9,0.017044812748785203
79,10,0.00538257244699202
79,11,0.0909970359968329
79,12,0.017044812748805364
79,13,0.00538257244699202
79,14,0.14379725586028505
79,15,0.01704481274880632
79,16,0.08660459776415642
79,17,0.04269059996501521
79,18,0.017044812748804074
79,19,0.01704481274880591
80,0,0.017079299008698992
80,1,0.017079299008698957
80,2,0.13483657112131456
80,3,0.005393462844853013
80,4,0.06390632302939092
80,5,0.0855077084855105
80,6,0.08515867288049547
80,7,0.017079299008699325
80,8,0.11278124966044419
80,9,0.017079299008669346
80,10,0.005393462844853013
80,11,0.08414805701701589
80,12,0.017079299008698708
80,13,0.017079299008574165
80,14,0.01707929900869821
80,15,0.11890352905581227
80,16,0.017079299008699148
80,17,0.1331779729732056
80,18,0.017079299008698645
80,19,0.017079299008699398
81,0,0.01569734809580309
81,1,0.08037347186278407
81,2,0.12392643233529785
81,3,0.004957057293412305
81,4,0.07688261993147509
81,5,0.06191301697423616
81,6,0.06469811182255322
81,7,0.015697348095803948
81,8,0.05063280290958267
81,9,0.015697348095777393
81,10,0.004957057293412305
81,11,0.07981747138602246
81,12,0.015697348095803566
81,13,0.01569734809573215
81,14,0.13231019620498868
81,15,0.01569734809580403
81,16,0.07556294521557691
81,17,0.11839003200408107
81,18,0.015697348095801394
81,19,0.015697348095803858
82,0,0.015479989287085704
82,1,0.09068184168358163
82,2,0.12221044174016012
82,3,0.004888417669606769
82,4,0.07053746543932768
82,5,0.0590656324965706
82,6,0.06948445979968187
82,7,0.015479989287086358
82,8,0.11479505768473681
82,9,0.015479989287029408
82,10,0.004888417669606769
82,11,0.06973989291601278
82,12,0.015479989287085744
82,13,0.015479989287071809
82,14,0.015479989287085218
82,15,0.10734251600922594
82,16,0.046038082198912
82,17,0.11648786039571699
82,18,0.015479989287084791
82,19,0.015479989287086401
83,0,0.016302472132971587
83,1,0.10419233820541275
83,2,0.12870372736557398
83,3,0.00514814909462334
83,4,0.06455113243999445
83,5,0.0717293315534111
83,6,0.07882234959312315
83,7,0.016302472132972073
83,8,0.02310366510861374
83,9,0.01630247213295102
83,10,0.00514814909462334
83,11,0.07797434011635601
83,12,0.01630247213297166
83,13,0.016302472132957914
83,14,0.13127897294711738
83,15,0.01630247213297226
83,16,0.0685441039043898
83,17,0.11038396351276664
83,18,0.01630247213296832
83,19,0.016302472132972177
84,0,0.019495751368487982
84,1,0.019495751368488846
84,2,0.1539138265933365
84,3,0.006156553063733961
84,4,0.0809136385863937
84,5,0.019495751368488967
84,6,0.06329567347664937
84,7,0.0194957513684888
84,8,0.1153797273554905
84,9,0.019495751368474944
84,10,0.006156553063733961
84,11,0.0919147139196498
84,12,0.01949575136848817
84,13,0.0194957513684839
84,14,0.019495751368488277
84,15,0.1385555731907313
84,16,0.019495751368488617
84,17,0.12926047569661817
84,18,0.019495751368487687
84,19,0.019495751368488797
85,0,0.015465510005005775
85,1,0.10297868957371538
85,2,0.12209613161847406
85,3,0.004883845264739326
85,4,0.0668104512136447
85,5,0.08781224093264084
85,6,0.08287430581283206
85,7,0.015465510005006112
85,8,0.030699901294703007
85,9,0.015465510004992593
85,10,0.004883845264739326
85,11,0.0772706420132461
85,12,0.015465510005005753
85,13,0.004883845264739326
85,14,0.1259838937906
85,15,0.015465510005006277
85,16,0.0760600329755354
85,17,0.1045036049451186
85,18,0.015465510005004963
85,19,0.015465510005006209
86,0,0.01835473556594163
86,1,0.01835473556594238
86,2,0.14490580709954926
86,3,0.005796232283982408
86,4,0.055515116314156975
86,5,0.01835473556594249
86,6,0.07146105066038566
86,7,0.018354735565942474
86,8,0.11112823002439992
86,9,0.01835473556593045
86,10,0.005796232283982408
86,11,0.10788069825376945
86,12,0.018354735565941888
86,13,0.018354735565939632
86,14,0.01835473556594173
86,15,0.132646698988314
86,16,0.05538052631050441
86,17,0.1259420521212589
86,18,0.01835473556594162
86,19,0.01835473556594241
87,0,0.015593692288305861
87,1,0.10652410475081509
87,2,0.12310809701294875
87,3,0.0049243238805183245
87,4,0.07374538461177385
87,5,0.09049991163294441
87,6,0.08244849356523286
87,7,0.015593692288306357
87,8,0.02474223321077778
87,9,0.01559369228827737
87,10,0.0049243238805183245
87,11,0.085133927154114
87,12,0.015593692288305929
87,13,0.015593692288277186
87,14,0.12076189187406328
87,15,0.01559369228830646
87,16,0.05436804738584956
87,17,0.1040697227338085
87,18,0.01559369228830336
87,19,0.0155936922883064
88,0,0.02286086338771275
88,1,0.02286086338771293
88,2,0.18048050042932529
88,3,0.007219220017173555
88,4,0.07989858613810057
88,5,0.022860863387714016
88,6,0.08089498531095292
88,7,0.02286086338771366
88,8,0.04593317427333466
88,9,0.022860863387709488
88,10,0.007219220017173555
88,11,0.10516494202256237
88,12,0.02286086338771341
88,13,0.02286086338771158
88,14,0.02286086338771272
88,15,0.1213097526021376
88,16,0.022860863387713416
88,17,0.12041012192403736
88,18,0.022860863387713804
88,19,0.022860863387713655
89,0,0.015519205054423961
89,1,0.10763168375995048
89,2,0.12252003990335505
89,3,0.004900801596134555
89,4,0.06966517099659861
89,5,0.087698849072045
89,6,0.06010978968004919
89,7,0.015519205054424369
89,8,0.06928589417919448
89,9,0.015519205054409797
89,10,0.004900801596134555
89,11,0.07874988854215358
89,12,0.015519205054423788
89,13,0.015519205054422877
89,14,0.11489625150816483
89,15,0.015519205054424447
89,16,0.07971731016869515
89,17,0.0757698785619016
89,18,0.015519205054424291
89,19,0.015519205054424424
90,0,0.021385140002240396
90,1,0.021385140002241048
90,2,0.16880336874204205
90,3,0.00675320210597158
90,4,0.061989878510143655
90,5,0.02138514000224124
90,6,0.07887385465641528
90,7,0.02138514000224067
90,8,0.1255651315334668
90,9,0.021385140002220894
90,10,0.00675320210597158
90,11,0.10488708101824251
90,12,0.021385140002240503
90,13,0.021385140002238564
90,14,0.07527850545498788
90,15,0.10825537746540598
90,16,0.02138514000224078
90,17,0.048988998384629646
90,18,0.02138514000224018
90,19,0.021385140002241204
91,0,0.01562838045278479
91,1,0.1060871813900468
91,2,0.12338195094304916
91,3,0.004935278037722316
91,4,0.06052410003400766
91,5,0.08804363351464779
91,6,0.06873713958859202
91,7,0.01562838045278536
91,8,0.02826473435104842
91,9,0.01562838045277296
91,10,0.004935278037722316
91,11,0.08213935829971598
91,12,0.01562838045278498
91,13,0.01562838045278258
91,14,0.12316517654685163
91,15,0.01562838045278574
91,16,0.07928392857194197
91,17,0.10547519706213979
91,18,0.0156283804527852
91,19,0.01562838045278576
92,0,0.01978045314059188
92,1,0.019780453140592083
92,2,0.15616147216257797
92,3,0.006246458886503605
92,4,0.0848955891303633
92,5,0.019780453140592794
92,6,0.07113224905057101
92,7,0.019780453140592288
92,8,0.14316549390541855
92,9,0.019780453140582972
92,10,0.006246458886503605
92,11,0.08986282361745188
92,12,0.019780453140591778
92,13,0.01978045314059104
92,14,0.019780453140592517
92,15,0.13125143007531342
92,16,0.01978045314059245
92,17,0.09345303973847995
92,18,0.01978045314059193
92,19,0.019780453140592742
93,0,0.015350593709112667
93,1,0.09903028338069007
93,2,0.12118889770352978
93,3,0.004847555908141533
93,4,0.07458257272263263
93,5,0.08590417872766071
93,6,0.07873879108768463
93,7,0.015350593709112915
93,8,0.015350593709112967
93,9,0.01535059370910818
93,10,0.004847555908141533
93,11,0.07405674278810649
93,12,0.015350593709112523
93,13,0.015350593709106965
93,14,0.12330517186083315
93,15,0.015350593709113326
93,16,0.0778210917555605
93,17,0.11752181477477215
93,18,0.015350593709111685
93,19,0.015350593709113194
94,0,0.01763983337883752
94,1,0.017639833378838163
94,2,0.13926184246451667
94,3,0.005570473698581064
94,4,0.08234975486025276
94,5,0.04983780168454312
94,6,0.07514605375133504
94,7,0.01763983337883779
94,8,0.12454545989116145
94,9,0.017639833378830412
94,10,0.005570473698581064
94,11,0.0853620136091768
94,12,0.01763983337883784
94,13,0.01763983337883234
94,14,0.01763983337883715
94,15,0.13100489934766102
94,16,0.017639833378838014
94,17,0.1249528932055475
94,18,0.01763983337883758
94,19,0.017639833378838194
95,0,0.015775081176219733
95,1,0.1043452062215222
95,2,0.12454011454911329
95,3,0.004981604581964866
95,4,0.05516185547583163
95,5,0.07683887713225362
95,6,0.08331691708686834
95,7,0.015775081176220222
95,8,0.015775081176219487
95,9,0.015775081176212773
95,10,0.004981604581964866
95,11,0.08527623182720416
95,12,0.015775081176220007
95,13,0.015775081176213426
95,14,0.12928211658973723
95,15,0.015775081176220493
95,16,0.07943111833549114
95,17,0.10986862303183402
95,18,0.01577508117621882
95,19,0.015775081176220465
96,0,0.017455463696452452
96,1,0.017455463696451904
96,2,0.13780629234042277
96,3,0.005512251693617348
96,4,0.078226048242262
96,5,0.05846669835948779
96,6,0.06121542056504727
96,7,0.017455463696453035
96,8,0.137187991040782
96,9,0.01745546369644342
96,10,0.005512251693617348
96,11,0.08302664000911163
96,12,0.01745546369645271
96,13,0.017455463696450957
96,14,0.01745546369645192
96,15,0.1146088206236877
96,16,0.017455463696452914
96,17,0.14388294846717353
96,18,0.0174554636964525
96,19,0.01745546369645309
97,0,0.015516300259863957
97,1,0.09919122176940849
97,2,0.12249710731472506
97,3,0.004899884292589348
97,4,0.07394894355495854
97,5,0.09104359974621544
97,6,0.0800749818524333
97,7,0.015516300259864307
97,8,0.015516300259864549
97,9,0.015516300259859702
97,10,0.004899884292589348
97,11,0.07580186300629278
97,12,0.015516300259864209
97,13,0.015516300259649219
97,14,0.12615274818034086
97,15,0.015516300259864706
97,16,0.07800618888437105
97,17,0.10383687476727442
97,18,0.015516300259861275
97,19,0.015516300259864614
98,0,0.017727539776142547
98,1,0.017727539776142203
98,2,0.13995426139060724
98,3,0.0055981704556247154
98,4,0.06792120604185374
98,5,0.06305891062250246
98,6,0.06327871383847852
98,7,0.01772753977614259
98,8,0.1232471178087265
98,9,0.017727539776132145
98,10,0.0055981704556247154
98,11,0.08034515511916053
98,12,0.01772753977614274
98,13,0.017727539776141513
98,14,0.07060349130819137
98,15,0.07949721805277496
98,16,0.01772753977614302
98,17,0.14134972692090306
98,18,0.017727539776142436
98,19,0.017727539776143175
99,0,0.016478675463128246
99,1,0.11053838150579771
99,2,0.1300948062878636
99,3,0.005203792251514929
99,4,0.0763656376312594
99,5,0.061139509717411694
99,6,0.07652380862961083
99,7,0.01647867546312845
99,8,0.021998066255134213
99,9,0.01647867546312378
99,10,0.005203792251514929
99,11,0.07936025363069132
99,12,0.016478675463128516
99,13,0.016478675463105188
99,14,0.12329084451490449
99,15,0.01647867546312896
99,16,0.08238698953621017
99,17,0.09606471408282626
99,18,0.01647867546312815
99,19,0.016478675463128988
100,0,0.0202068029493931
100,1,0.020206802949393504
100,2,0.1595273917057457
100,3,0.0063810956682302964
100,4,0.020206802949392557
100,5,0.07005894710196721
100,6,0.07010155166317081
100,7,0.020206802949393508
100,8,0.1432603661134278
100,9,0.020206802949385684
100,10,0.0063810956682302964
100,11,0.09515239850767088
100,12,0.020206802949393372
100,13,0.020206802949393456
100,14,0.02020680294939343
100,15,0.1389445289501629
100,16,0.020206802949393574
100,17,0.08791779217775549
100,18,0.02020680294939348
100,19,0.020206802949393934
101,0,0.015484161527421322
101,1,0.09741829767591242
101,2,0.12224338047964854
101,3,0.004889735219186328
101,4,0.06705431842524329
101,5,0.0788854588949947
101,6,0.10056399470951233
101,7,0.015484161527421497
101,8,0.015484161527421712
101,9,0.015484161527415288
101,10,0.004889735219186328
101,11,0.07322973976907819
101,12,0.01548416152742157
101,13,0.004889735219186328
101,14,0.12642762893438506
101,15,0.015484161527421783
101,16,0.07649176093397125
101,17,0.11914292230008817
101,18,0.015484161527417453
101,19,0.015484161527421844
102,0,0.01902324023107644
102,1,0.019023240231076446
102,2,0.15018347550850744
102,3,0.0060073390203407495
102,4,0.0855769344950131
102,5,0.07836057806350089
102,6,0.06545007886373343
102,7,0.01902324023107676
102,8,0.11492981857232877
102,9,0.01902324023106564
102,10,0.0060073390203407495
102,11,0.09413109002321712
102,12,0.019023240231076793
102,13,0.019023240231066548
102,14,0.019023240231075857
102,15,0.054210013273884736
102,16,0.01902324023107692
102,17,0.15491093084808882
102,18,0.019023240231075166
102,19,0.019023240231077092
103,0,0.016522924230632143
103,1,0.09640388677171437
103,2,0.13044413866289234
103,3,0.005217765546516083
103,4,0.0380342615750931
103,5,0.08491048436201923
103,6,0.07969510058497671
103,7,0.0165229242306323
103,8,0.01652292423063164
103,9,0.016522924230627803
103,10,0.005217765546516083
103,11,0.07661720202603137
103,12,0.016522924230632403
103,13,0.005217765546516083
103,14,0.13083186588474965
103,15,0.059434735259081495
103,16,0.07953432624434416
103,17,0.0927802323748691
103,18,0.016522924230630447
103,19,0.01652292423063259
104,0,0.01877014044168121
104,1,0.018770140441681526
104,2,0.1481853192764399
104,3,0.005927412771058036
104,4,0.07807638737088388
104,5,0.01877014044168192
104,6,0.07636927726391338
104,7,0.018770140441681512
104,8,0.05741507473035742
104,9,0.01877014044167602
104,10,0.005927412771058036
104,11,0.08384206003636227
104,12,0.018770140441681533
104,13,0.01877014044167751
104,14,0.018770140441680832
104,15,0.13371331283263202
104,16,0.0780811213577285
104,17,0.14476121717246632
104,18,0.01877014044168001
104,19,0.01877014044168191
105,0,0.016811212420622758
105,1,0.10277491050308638
105,2,0.132720098057556
105,3,0.005308803922302619
105,4,0.023875281274591036
105,5,0.08686428730052438
105,6,0.08349243117675913
105,7,0.016811212420622536
105,8,0.09462708276461468
105,9,0.016811212420615645
105,10,0.005308803922302619
105,11,0.08708522014994158
105,12,0.016811212420622928
105,13,0.005308803922302619
105,14,0.13625707899861356
105,15,0.016811212420623268
105,16,0.016811212420622987
105,17,0.10188749864216434
105,18,0.016811212420622446
105,19,0.01681121242062315
106,0,0.023660440869541003
106,1,0.02366044086954093
106,2,0.18679295423322972
106,3,0.0074717181693297555
106,4,0.10454933847584467
106,5,0.023660440869541884
106,6,0.09406680414531943
106,7,0.02366044086954125
106,8,0.023660440869541405
106,9,0.02366044086953398
106,10,0.0074717181693297555
106,11,0.11017469522920387
106,12,0.02366044086954135
106,13,0.0236604408695172
106,14,0.02366044086953977
106,15,0.02366044086954054
106,16,0.023660440869541638
106,17,0.1818870402733659
106,18,0.02366044086954045
106,19,0.023660440869541728
107,0,0.012620771992379088
107,1,0.08218426581131795
107,2,0.09963767362405239
107,3,0.003985506944962387
107,4,0.038262310873837406
107,5,0.06421970735247264
107,6,0.060427961479259405
107,7,0.012620771992379149
107,8,0.0949523504319541
107,9,0.012620771992369438
107,10,0.003985506944962387
107,11,0.05908212322993342
107,12,0.012620771992379324
107,13,0.003985506944962387
107,14,0.16774974634178108
107,15,0.08648006910868775
107,16,0.061094079395110384
107,17,0.09822855956224133
107,18,0.012620771992379301
107,19,0.012620771992379567
108,0,0.021157715142391828
108,1,0.02115771514239123
108,2,0.16703459322942169
108,3,0.006681383729177376
108,4,0.10160228891210607
108,5,0.09201366533852307
108,6,0.10080366769941562
108,7,0.021157715142392113
108,8,0.02115771514239173
108,9,0.02115771514237676
108,10,0.006681383729177376
108,11,0.13038484683304513
108,12,0.02115771514239245
108,13,0.021157715142386877
108,14,0.021157715142392834
108,15,0.021157715142391346
108,16,0.02115771514239268
108,17,0.14090558882011578
108,18,0.021157715142391165
108,19,0.021157715142392692
109,0,0.01368204378056164
109,1,0.08946141681702538
109,2,0.10801613510970345
109,3,0.004320645404388478
109,4,0.04866649740384949
109,5,0.06130762337003971
109,6,0.052086742078957776
109,7,0.013682043780561762
109,8,0.11003786617201305
109,9,0.013682043780557599
109,10,0.004320645404388478
109,11,0.06269748145191428
109,12,0.013682043780561993
109,13,0.004320645404388478
109,14,0.11121882839838018
109,15,0.0955443560596937
109,16,0.0653469182451622
109,17,0.10056193599651285
109,18,0.013682043780561376
109,19,0.013682043780562095
110,0,0.02196234854915494
110,1,0.021962348549154635
110,2,0.17338696223018257
110,3,0.006935478489207832
110,4,0.06251675381463666
110,5,0.10957035534669371
110,6,0.10146156951644178
110,7,0.02196234854915487
110,8,0.021962348549154832
110,9,0.021962348549143956
110,10,0.006935478489207832
110,11,0.1097487479477232
110,12,0.021962348549155363
110,13,0.021962348548934373
110,14,0.02196234854915462
110,15,0.021962348549155863
110,16,0.02196234854915558
110,17,0.16589647157593113
110,18,0.021962348549153514
110,19,0.021962348549155762
111,0,0.015689855970310588
111,1,0.10051172752100704
111,2,0.12386728397614542
111,3,0.004954691359046197
111,4,0.06129121865076911
111,5,0.05632984337134432
111,6,0.0636090210560001
111,7,0.01568985597031078
111,8,0.0831313036088738
111,9,0.015689855970305772
111,10,0.004954691359046197
111,11,0.07358569554764507
111,12,0.015689855970311195
111,13,0.015689855970118495
111,14,0.12395762725868874
111,15,0.017792798439850748
111,16,0.07482494417200318
111,17,0.1013601618873555
111,18,0.015689855970308537
111,19,0.01568985597031129
112,0,0.01900407893600499
112,1,0.019004078936004587
112,2,0.15003220212636262
112,3,0.006001288085054993
112,4,0.0856703359768789
112,5,0.019004078936005614
112,6,0.07287793182824913
112,7,0.019004078936004344
112,8,0.12131092746391015
112,9,0.01900407893599508
112,10,0.006001288085054993
112,11,0.09086756373020677
112,12,0.01900407893600531
112,13,0.019004078936000705
112,14,0.01900407893600497
112,15,0.10950560279871853
112,16,0.01900407893600547
112,17,0.14868799160922638
112,18,0.01900407893600107
112,19,0.01900407893600523
113,0,0.018932646685362053
113,1,0.10691499350041851
113,2,0.1305410253237555
113,3,0.00522164101295061
113,4,0.06849925799920092
113,5,0.06274230161454195
113,6,0.0747486158600105
113,7,0.016535196541007446
113,8,0.016535196541007827
113,9,0.016535196540996368
113,10,0.00522164101295061
113,11,0.0797419305395747
113,12,0.016535196541008126
113,13,0.00522164101295061
113,14,0.12803618292525928
113,15,0.016535196541008573
113,16,0.0816931075605319
113,17,0.11673863916518674
113,18,0.01653519654100832
113,19,0.016535196541008372
114,0,0.019880503203317745
114,1,0.01988050320331883
114,2,0.15695134107883618
114,3,0.006278053643153969
114,4,0.05380674971598034
114,5,0.1153222465932213
114,6,0.07574776937933204
114,7,0.01988050320331781
114,8,0.019880503203317183
114,9,0.019880503203311025
114,10,0.006278053643153969
114,11,0.10628639224078494
114,12,0.019880503203318405
114,13,0.006278053643153969
114,14,0.019880503203317374
114,15,0.14515626657454242
114,16,0.019880503203318713
114,17,0.12909004145435388
114,18,0.019880503203317204
114,19,0.019880503203318665
115,0,0.014836207517464258
115,1,0.08935940099826338
115,2,0.11712795408525058
115,3,0.004685118163410366
115,4,0.05873761582628447
115,5,0.07423383433349563
115,6,0.07630496314925948
115,7,0.0148362075174643
115,8,0.11505891937995079
115,9,0.014836207517459262
115,10,0.004685118163410366
115,11,0.07571923304215797
115,12,0.014836207517464424
115,13,0.004685118163410366
115,14,0.11880296413882999
115,15,0.014836207517464652
115,16,0.07004409263360638
115,17,0.09685330465424392
115,18,0.004685118163410366
115,19,0.014836207517464688
116,0,0.02073960860323073
116,1,0.05429537893679749
116,2,0.1637337521307836
116,3,0.0065493500852318535
116,4,0.07445196649474772
116,5,0.03862071018961423
116,6,0.07588800908996055
116,7,0.02073960860323166
116,8,0.020739608603231333
116,9,0.02073960860321859
116,10,0.0065493500852318535
116,11,0.0960652900950694
116,12,0.020739608603231638
116,13,0.0065493500852318535
116,14,0.02073960860323152
116,15,0.1389475645920787
116,16,0.020739608603232
116,17,0.15169280078585484
116,18,0.02073960860323092
116,19,0.020739608603232172
117,0,0.015425219848613553
117,1,0.10107314463038222
117,2,0.12177805143643042
117,3,0.0048711220574576015
117,4,0.036182873432568
117,5,0.09007155256593903
117,6,0.07250654116101947
117,7,0.015425219848613657
117,8,0.08400551780140779
117,9,0.015425219848609619
117,10,0.0048711220574576015
117,11,0.07714758803682907
117,12,0.015425219848613976
117,13,0.0048711220574576015
117,14,0.12592093377144753
117,15,0.015425219848614148
117,16,0.07470232300627669
117,17,0.0940215690447934
117,18,0.015425219848610738
117,19,0.015425219848614226
118,0,0.019899704105273985
118,1,0.019899704105274963
118,2,0.15710292714691307
118,3,0.0062841170858769745
118,4,0.0619137269104728
118,5,0.10028345406250387
118,6,0.07722996081055952
118,7,0.019899704105274627
118,8,0.01989970410527485
118,9,0.01989970410526437
118,10,0.0062841170858769745
118,11,0.09315007673855814
118,12,0.019899704105274876
118,13,0.019899704104865412
118,14,0.01989970410527383
118,15,0.1364269122171392
118,16,0.01989970410527491
118,17,0.14242796278418896
118,18,0.01989970410526974
118,19,0.019899704105274814
119,0,0.0145132019704009
119,1,0.09251556724281373
119,2,0.1145779102926477
119,3,0.004583116411706272
119,4,0.06073188924886953
119,5,0.08020555442145708
119,6,0.07219403799438173
119,7,0.01451320197040126
119,8,0.11395803164962927
119,9,0.014513201970397339
119,10,0.004583116411706272
119,11,0.07397610263878025
119,12,0.014513201970401533
119,13,0.004583116411706272
119,14,0.11778267665817453
119,15,0.014513201970401702
119,16,0.0685777987399087
119,17,0.10006875364387906
119,18,0.004583116411706272
119,19,0.01451320197040166
120,0,0.019153425077754922
120,1,0.09455756681747116
120,2,0.15121125061386395
120,3,0.006048450024555038
120,4,0.08866427383751913
120,5,0.08908524341753923
120,6,0.07833153316770357
120,7,0.01915342507775505
120,8,0.01915342507775417
120,9,0.01915342507774442
120,10,0.006048450024555038
120,11,0.08880598391249879
120,12,0.019153425077755287
120,13,0.019153425077733807
120,14,0.0191534250777542
120,15,0.030283566150279884
120,16,0.06821038676339165
120,17,0.1263724695705616
120,18,0.019153425077750846
120,19,0.019153425077755738
121,0,0.017281315085329502
121,1,0.017281315085329513
121,2,0.13643143488418846
121,3,0.005457257395367962
121,4,0.05009135165926688
121,5,0.021502503723560065
121,6,0.07271304373104086
121,7,0.017281315085329884
121,8,0.10870831859308168
121,9,0.017281315085320822
121,10,0.005457257395367962
121,11,0.07991778736596934
121,12,0.017281315085329717
121,13,0.017281315085293507
121,14,0.12100437606218024
121,15,0.12638386957512476
121,16,0.017281315085330116
121,17,0.11680096384666096
121,18,0.01728131508532516
121,19,0.017281315085329905
122,0,0.019196415492684055
122,1,0.12857206842810812
122,2,0.15155064862646442
122,3,0.006062025945059029
122,4,0.08371603440976078
122,5,0.11195244322040351
122,6,0.07876504990943885
122,7,0.019196415492684638
122,8,0.019196415492684894
122,9,0.01919641549267632
122,10,0.006062025945059029
122,11,0.10835960135090782
122,12,0.0191964154926845
122,13,0.006062025945059029
122,14,0.020639316755557798
122,15,0.019196415492684776
122,16,0.07887066229063495
122,17,0.06581677323177723
122,18,0.01919641549268226
122,19,0.01919641549268482
123,0,0.016112190485523866
123,1,0.016112190485524498
123,2,0.12720150383309098
123,3,0.005088060153324053
123,4,0.047285210444798824
123,5,0.07062309383109194
123,6,0.06612423537311321
123,7,0.016112190485524418
123,8,0.12278912643603081
123,9,0.016112190485515057
123,10,0.005088060153324053
123,11,0.07711779720937037
123,12,0.016112190485524036
123,13,0.005088060153324053
123,14,0.12386516020448761
123,15,0.09233249732705093
123,16,0.016112190485524595
123,17,0.12849967099655468
123,18,0.016112190485523224
123,19,0.016112190485524435
124,0,0.01832700200689145
124,1,0.12160858982771149
124,2,0.14468685794915337
124,3,0.005787474317966576
124,4,0.07983136611026848
124,5,0.08711592847682492
124,6,0.07628798581438326
124,7,0.018327002006891868
124,8,0.018327002006891694
124,9,0.0183270020068873
124,10,0.005787474317966576
124,11,0.10966336261000521
124,12,0.0183270020068921
124,13,0.005787474317966576
124,14,0.01832700200689102
124,15,0.018327002006892256
124,16,0.08831155961975669
124,17,0.11018890857569007
124,18,0.01832700200688756
124,19,0.018327002006892246
125,0,0.013942071733261324
125,1,0.013942071733261147
125,2,0.11006898736785782
125,3,0.004402759494714688
125,4,0.051992389782819094
125,5,0.07348566717881831
125,6,0.07733981140147171
125,7,0.013942071733261525
125,8,0.11577396878827659
125,9,0.013942071733253378
125,10,0.004402759494714688
125,11,0.06489392189612934
125,12,0.013942071733261667
125,13,0.004402759494714688
125,14,0.11204221002100571
125,15,0.09373132715483656
125,16,0.050306892357005584
125,17,0.13956204343460374
125,18,0.01394207173325065
125,19,0.013942071733261568
126,0,0.01938903656806155
126,1,0.12863780449988588
126,2,0.15307134132680944
126,3,0.006122853653072852
126,4,0.05248319546346394
126,5,0.04720769037171444
126,6,0.12017001205175123
126,7,0.01938903656806162
126,8,0.01938903656806174
126,9,0.01938903656805088
126,10,0.006122853653072852
126,11,0.09323776942571985
126,12,0.019389036568061763
126,13,0.006122853653072852
126,14,0.12895231800013957
126,15,0.019389036568062006
126,16,0.019389036568061888
126,17,0.09663616170343464
126,18,0.006122853653072852
126,19,0.01938903656806196
127,0,0.015718714661385445
127,1,0.015718714661386177
127,2,0.12409511574778827
127,3,0.004963804629911953
127,4,0.06680350769980917
127,5,0.08936790680591661
127,6,0.05104369843167088
127,7,0.015718714661386024
127,8,0.1291612687054129
127,9,0.01571871466137422
127,10,0.004963804629911953
127,11,0.09078982859026069
127,12,0.01571871466138592
127,13,0.004963804629911953
127,14,0.01571871466138563
127,15,0.10477343905804522
127,16,0.07315792733784775
127,17,0.13016617644219025
127,18,0.01571871466138483
127,19,0.0157187146613862
128,0,0.014992403814543339
128,1,0.10069840902541534
128,2,0.11836108274640379
128,3,0.0047344433098565316
128,4,0.06921873245927328
128,5,0.07434723368630233
128,6,0.11564346075725095
128,7,0.014992403814543807
128,8,0.014992403814543486
128,9,0.014992403814537165
128,10,0.0047344433098565316
128,11,0.09309006595366855
128,12,0.014992403814544005
128,13,0.0047344433098565316
128,14,0.11808035345584424
128,15,0.01499240381454417
128,16,0.058370107503928056
128,17,0.11804799396576995
128,18,0.014992403814537168
128,19,0.014992403814544019
129,0,0.015276864365657693
129,1,0.015276864365657863
129,2,0.12060682393940966
129,3,0.004824272957576791
129,4,0.07321563647147987
129,5,0.0726974586322252
129,6,0.09549410263965491
129,7,0.015276864365658071
129,8,0.12242247259678159
129,9,0.015276864365651238
129,10,0.004824272957576791
129,11,0.07042664993002602
129,12,0.01527686436565819
129,13,0.004824272957576791
129,14,0.015276864365657275
129,15,0.10613177183656217
129,16,0.07366880976346
129,17,0.1286485403922221
129,18,0.015276864365607972
129,19,0.015276864365658342
130,0,0.01559296732230061
130,1,0.08665127803996878
130,2,0.1231023735971174
130,3,0.004924094943885069
130,4,0.07320718327149482
130,5,0.08975999396722514
130,6,0.10286662934457022
130,7,0.01559296732230075
130,8,0.015592967322300463
130,9,0.0155929673222924
130,10,0.004924094943885069
130,11,0.08527527528471102
130,12,0.015592967322300956
130,13,0.004924094943885069
130,14,0.1267354250805993
130,15,0.015592967322301133
130,16,0.0444120670779962
130,17,0.12847375092613075
130,18,0.015592967322187635
130,19,0.01559296732230107
131,0,0.018153941158536555
131,1,0.01815394115853699
131,2,0.14332058809371898
131,3,0.005732823523749233
131,4,0.06793254546579162
131,5,0.01815394115853723
131,6,0.0662359119967678
131,7,0.018153941158536992
131,8,0.11643913383229809
131,9,0.018153941158526993
131,10,0.005732823523749233
131,11,0.08543832054754572
131,12,0.018153941158537062
131,13,0.018153941158524478
131,14,0.018153941158536215
131,15,0.12434414992302015
131,16,0.07213240776280488
131,17,0.1311518837449211
131,18,0.01815394115853688
131,19,0.01815394115853717
132,0,0.016877178452545973
132,1,0.11374551650086163
132,2,0.13324088252010913
132,3,0.005329635300804747
132,4,0.08051148156680926
132,5,0.09842291439984115
132,6,0.08684052265560806
132,7,0.016877178452546188
132,8,0.016877178452546212
132,9,0.01687717845253261
132,10,0.005329635300804747
132,11,0.10024856862358542
132,12,0.01687717845254653
132,13,0.005329635300804747
132,14,0.13404687015742764
132,15,0.016877178452546618
132,16,0.016877178452546587
132,17,0.096607274751915
132,18,0.005329635300804747
132,19,0.016877178452546656
133,0,0.014945811652225185
133,1,0.014945811652225643
133,2,0.11799324988599588
133,3,0.004719729995440233
133,4,0.08143009769391281
133,5,0.05750362483621093
133,6,0.054704380471758574
133,7,0.014945811652225532
133,8,0.12027058265081451
133,9,0.014945811652212796
133,10,0.004719729995440233
133,11,0.07048091442187346
133,12,0.014945811652225496
133,13,0.004719729995440233
133,14,0.0890177820917752
133,15,0.10277117413264193
133,16,0.0700407628424336
133,17,0.11700755942046208
133,18,0.014945811652223872
133,19,0.014945811652225742
134,0,0.017946822320819265
134,1,0.11771880564626629
134,2,0.14168543937490108
134,3,0.0056674175749964455
134,4,0.06419748140943528
134,5,0.08968945097266075
134,6,0.1136226812780671
134,7,0.01794682232081961
134,8,0.01794682232082004
134,9,0.017946822320797307
134,10,0.0056674175749964455
134,11,0.10125943316619188
134,12,0.01794682232081997
134,13,0.0056674175749964455
134,14,0.06484319156269776
134,15,0.017946822320819872
134,16,0.017946822320820063
134,17,0.1284598629771556
134,18,0.017946822320815223
134,19,0.017946822320820194
135,0,0.017359583516230532
135,1,0.017359583516231365
135,2,0.1370493435491983
135,3,0.005481973741968374
135,4,0.06869179299523193
135,5,0.06596978362614754
135,6,0.0612022701477661
135,7,0.017359583516231045
135,8,0.13767844770423993
135,9,0.017359583516220873
135,10,0.005481973741968374
135,11,0.09158095123651815
135,12,0.01735958351623119
135,13,0.005481973741968374
135,14,0.01735958351623126
135,15,0.07577338417550773
135,16,0.08146297382381953
135,17,0.1252684633855556
135,18,0.017359583516228246
135,19,0.01735958351623134
136,0,0.015483318200518391
136,1,0.10112129705643079
136,2,0.12223672263568332
136,3,0.004889468905427676
136,4,0.09489646845039851
136,5,0.08964679129151254
136,6,0.10730265001023928
136,7,0.015483318200519122
136,8,0.01548331820051936
136,9,0.015483318200510006
136,10,0.004889468905427676
136,11,0.08056218163360984
136,12,0.01548331820051923
136,13,0.004889468905427676
136,14,0.1302038849381658
136,15,0.015483318200518209
136,16,0.015483318200519406
136,17,0.12001173346278046
136,18,0.01548331820050887
136,19,0.015483318200519295
137,0,0.014651691829412217
137,1,0.014651691829412915
137,2,0.1156712512848428
137,3,0.0046268500513940575
137,4,0.06436137644595136
137,5,0.07079333333088923
137,6,0.054557597767313386
137,7,0.014651691829412677
137,8,0.11801865681859564
137,9,0.014651691829405684
137,10,0.0046268500513940575
137,11,0.08552736011511912
137,12,0.014651691829412686
137,13,0.0046268500513940575
137,14,0.08148910216744681
137,15,0.10507534743580926
137,16,0.0687847860906058
137,17,0.11927879558314566
137,18,0.0146516918293984
137,19,0.014651691829412923
138,0,0.02406674606206636
138,1,0.12987882082742352
138,2,0.1900006268058026
138,3,0.007600025072232641
138,4,0.11192057400532848
138,5,0.02406674606206765
138,6,0.12592032765114225
138,7,0.02406674606206743
138,8,0.024066746062067514
138,9,0.024066746062056894
138,10,0.007600025072232641
138,11,0.11874551306400993
138,12,0.02406674606206727
138,13,0.007600025072232641
138,14,0.02406674606206649
138,15,0.0240667460620673
138,16,0.024066746062067594
138,17,0.035999855746498804
138,18,0.0240667460620543
138,19,0.024066746062067493
139,0,0.014005086719013331
139,1,0.014005086719013675
139,2,0.11056647409748424
139,3,0.004422658963899684
139,4,0.07105281264688428
139,5,0.04624992002045673
139,6,0.05880493886417076
139,7,0.01400508671901401
139,8,0.11446750157057775
139,9,0.014005086718999686
139,10,0.004422658963899684
139,11,0.07036290097015041
139,12,0.014005086719014034
139,13,0.004422658963899684
139,14,0.11611646352789838
139,15,0.09323165576569992
139,16,0.06543444259305432
139,17,0.14240930601862184
139,18,0.014005086719012403
139,19,0.014005086719014142
140,0,0.018031755425797352
140,1,0.12307611311062853
140,2,0.1423559638878821
140,3,0.005694238555515847
140,4,0.08164691988566729
140,5,0.10378935994083044
140,6,0.08779436981109036
140,7,0.018031755425797703
140,8,0.018031755425798282
140,9,0.018031755425784755
140,10,0.005694238555515847
140,11,0.1046310601765246
140,12,0.01803175542579791
140,13,0.005694238555515847
140,14,0.053629530987466215
140,15,0.018031755425798268
140,16,0.01803175542579841
140,17,0.12370816770092116
140,18,0.018031755425786243
140,19,0.01803175542579824
141,0,0.014527409003184152
141,1,0.014527409003184404
141,2,0.11469007107777797
141,3,0.004587602843111457
141,4,0.06150802670859421
141,5,0.08056933190732643
141,6,0.0577509937970215
141,7,0.01452740900318452
141,8,0.1139817702307034
141,9,0.014527409003173949
141,10,0.004587602843111457
141,11,0.06808271052699522
141,12,0.01452740900318484
141,13,0.004587602843111457
141,14,0.11604748281076442
141,15,0.09847803321997808
141,16,0.06805302017435433
141,17,0.10538388799464074
141,18,0.014527409003183502
141,19,0.014527409003184671
142,0,0.01931628440437802
142,1,0.1265190612920619
142,2,0.15249698213984092
142,3,0.006099879285594058
142,4,0.08045659243055829
142,5,0.019316284404379255
142,6,0.13407010843065237
142,7,0.01931628440437881
142,8,0.019316284404377777
142,9,0.01931628440437134
142,10,0.006099879285594058
142,11,0.10493112206270983
142,12,0.019316284404379276
142,13,0.006099879285594058
142,14,0.09494729648453434
142,15,0.019316284404378933
142,16,0.01931628440437926
142,17,0.09511635525878054
142,18,0.01931628440437281
142,19,0.019316284404379096
143,0,0.014356094223411556
143,1,0.014356094223412556
143,2,0.1133375859743118
143,3,0.004533503438972858
143,4,0.06723046371237028
143,5,0.07189171337124249
143,6,0.04987037935561902
143,7,0.01435609422341227
143,8,0.11482932450123258
143,9,0.01435609422339948
143,10,0.004533503438972858
143,11,0.06906163670699296
143,12,0.014356094223412412
143,13,0.004533503438972858
143,14,0.10724724957081064
143,15,0.10489442272082018
143,16,0.06888545616848668
143,17,0.11865859803709815
143,18,0.014356094223409348
143,19,0.01435609422341249
144,0,0.019217118457822917
144,1,0.11735356968811064
144,2,0.15171409308809136
144,3,0.006068563723524074
144,4,0.09532344570053851
144,5,0.11151477730410989
144,6,0.08065131682733039
144,7,0.01921711845782375
144,8,0.019217118457823937
144,9,0.01921711845780719
144,10,0.006068563723524074
144,11,0.10368593503562662
144,12,0.019217118457823843
144,13,0.006068563723524074
144,14,0.019217118457822948
144,15,0.01921711845782427
144,16,0.019217118457824107
144,17,0.12937998660710753
144,18,0.01921711845781239
144,19,0.019217118457824048
145,0,0.014042382170091025
145,1,0.014042382170091586
145,2,0.11086091186914775
145,3,0.004434436474766228
145,4,0.0664104181119378
145,5,0.06115614450279071
145,6,0.07383116462072656
145,7,0.014042382170091275
145,8,0.1117657467671399
145,9,0.014042382170081207
145,10,0.004434436474766228
145,11,0.07415631768771487
145,12,0.01404238217009148
145,13,0.004434436474766228
145,14,0.11271518122334905
145,15,0.09901817514648356
145,16,0.06581464336739525
145,17,0.11267131208816632
145,18,0.01404238217008981
145,19,0.014042382170091551
146,0,0.01938718022199199
146,1,0.12668414909456718
146,2,0.1530566859631075
146,3,0.006122267438524751
146,4,0.09131992072102435
146,5,0.09770710439659695
146,6,0.10231793044119392
146,7,0.01938718022199267
146,8,0.01938718022199176
146,9,0.019387180221981992
146,10,0.006122267438524751
146,11,0.09807561518708
146,12,0.0193871802219929
146,13,0.006122267438524751
146,14,0.02904063297483487
146,15,0.019387180221992047
146,16,0.01938718022199307
146,17,0.1089465369077945
146,18,0.01938718022199102
146,19,0.019387180221993046
147,0,0.013938422948282412
147,1,0.013938422948282788
147,2,0.11004018117065661
147,3,0.0044016072468266556
147,4,0.0659288825570843
147,5,0.0819863168392718
147,6,0.0580178403572664
147,7,0.013938422948282604
147,8,0.11442967713384639
147,9,0.013938422948275275
147,10,0.0044016072468266556
147,11,0.06507314832746816
147,12,0.013938422948282724
147,13,0.0044016072468266556
147,14,0.11406755354432924
147,15,0.09842354436942423
147,16,0.06084413403321647
147,17,0.12041493928876605
147,18,0.013938422948281785
147,19,0.013938422948282965
148,0,0.02667230400068451
148,1,0.026672304000683534
148,2,0.21057082105805097
148,3,0.008422832842322633
148,4,0.09359128110963955
148,5,0.02667230400068561
148,6,0.11627872006357577
148,7,0.026672304000684686
148,8,0.026672304000685054
148,9,0.02667230400066639
148,10,0.008422832842322633
148,11,0.1559142596046077
148,12,0.02667230400068521
148,13,0.008422832842322633
148,14,0.07830877162854206
148,15,0.02667230400068497
148,16,0.02667230400068573
148,17,0.02667230400068407
148,18,0.02667230400067959
148,19,0.02667230400068542
149,0,0.012758060374720692
149,1,0.0886178164271403
149,2,0.10072152927411336
149,3,0.004028861170965037
149,4,0.059185036723053426
149,5,0.05765049696629463
149,6,0.05995633230282637
149,7,0.012758060374721136
149,8,0.09443923552844842
149,9,0.012758060374711883
149,10,0.004028861170965037
149,11,0.06119496072017288
149,12,0.012758060374720895
149,13,0.004028861170965037
149,14,0.1042192681613866
149,15,0.08970496513525197
149,16,0.060338267333051435
149,17,0.13533714566685073
149,18,0.012758060374717332
149,19,0.01275806037472131
150,0,0.021645679566234775
150,1,0.021645679566235292
150,2,0.1708869439439721
150,3,0.006835477757759343
150,4,0.09693870536867216
150,5,0.1188645379773283
150,6,0.09576866610694898
150,7,0.021645679566235084
150,8,0.021645679566235605
150,9,0.02164567956610868
150,10,0.006835477757759343
150,11,0.10892365425962647
150,12,0.021645679566234952
150,13,0.006835477757759343
150,14,0.021645679566235015
150,15,0.02164567956623455
150,16,0.021645679566235764
150,17,0.15000858384137628
150,18,0.0216456795662303
150,19,0.021645679566235653
